dataset,file,uncertainty_bins,error_rate,expert_agreement
PV_in_HC,1444.tif,0.0,0.0004919722038575136,0.9979668593286714
PV_in_HC,1444.tif,0.04,0.1977961432506887,0.3856749311294766
PV_in_HC,1444.tif,0.08,0.2096069868995633,0.4017467248908297
PV_in_HC,1444.tif,0.12,0.2983050847457627,0.3601694915254237
PV_in_HC,1444.tif,0.16,0.23956043956043954,0.3956043956043956
PV_in_HC,1444.tif,0.2,0.29545454545454547,0.26515151515151514
PV_in_HC,1444.tif,0.24,0.3367521367521367,0.18803418803418803
PV_in_HC,1444.tif,0.28,0.45755395683453226,0.1366906474820144
PV_in_HC,1444.tif,0.32,0.4252252252252253,0.18018018018018017
PV_in_HC,1444.tif,0.36,0.3867924528301887,0.16037735849056603
PV_in_HC,1444.tif,0.4,0.3522727272727273,0.19318181818181818
PV_in_HC,1444.tif,0.44,0.35555555555555557,0.18181818181818182
PV_in_HC,1444.tif,0.48,0.3893617021276596,0.14893617021276595
PV_in_HC,1444.tif,0.52,0.3855421686746988,0.18072289156626506
PV_in_HC,1444.tif,0.56,0.3912087912087912,0.12087912087912088
PV_in_HC,1444.tif,0.6,0.3833333333333333,0.16666666666666666
PV_in_HC,1444.tif,0.64,0.38510638297872346,0.11702127659574468
PV_in_HC,1444.tif,0.68,0.36190476190476195,0.11904761904761904
PV_in_HC,1444.tif,0.72,0.3829787234042554,0.06382978723404255
PV_in_HC,1444.tif,0.76,0.40380952380952384,0.11428571428571428
PV_in_HC,1444.tif,0.8,0.3913793103448276,0.10344827586206896
PV_in_HC,1444.tif,0.84,0.3238095238095239,0.05194805194805195
PV_in_HC,1444.tif,0.88,0.437704918032787,0.07377049180327869
PV_in_HC,1444.tif,0.92,0.4792207792207792,0.07792207792207792
PV_in_HC,1444.tif,0.96,0.4508287292817681,0.10497237569060773
PV_in_HC,1377.tif,0.0,0.0012843384831056097,0.9957252729315295
PV_in_HC,1377.tif,0.04,0.21394700139470016,0.3514644351464435
PV_in_HC,1377.tif,0.08,0.2564102564102564,0.3055555555555556
PV_in_HC,1377.tif,0.12,0.27875354107648725,0.21529745042492918
PV_in_HC,1377.tif,0.16,0.32227979274611396,0.14766839378238342
PV_in_HC,1377.tif,0.2,0.30000000000000004,0.2014388489208633
PV_in_HC,1377.tif,0.24,0.3232974910394265,0.17562724014336917
PV_in_HC,1377.tif,0.28,0.35760368663594483,0.08294930875576037
PV_in_HC,1377.tif,0.32,0.3486486486486487,0.15315315315315314
PV_in_HC,1377.tif,0.36,0.3313432835820896,0.15920398009950248
PV_in_HC,1377.tif,0.4,0.3624309392265193,0.11602209944751381
PV_in_HC,1377.tif,0.44,0.37272727272727274,0.06698564593301436
PV_in_HC,1377.tif,0.48,0.39808612440191393,0.11483253588516747
PV_in_HC,1377.tif,0.52,0.35681818181818187,0.125
PV_in_HC,1377.tif,0.56,0.39874213836477984,0.0880503144654088
PV_in_HC,1377.tif,0.6,0.41827956989247317,0.0967741935483871
PV_in_HC,1377.tif,0.64,0.3905882352941177,0.11176470588235295
PV_in_HC,1377.tif,0.68,0.4256983240223465,0.11173184357541899
PV_in_HC,1377.tif,0.72,0.42539682539682544,0.047619047619047616
PV_in_HC,1377.tif,0.76,0.43135135135135133,0.11351351351351352
PV_in_HC,1377.tif,0.8,0.4354978354978355,0.06493506493506493
PV_in_HC,1377.tif,0.84,0.4493506493506494,0.09090909090909091
PV_in_HC,1377.tif,0.88,0.4653333333333333,0.08333333333333333
PV_in_HC,1377.tif,0.92,0.4430051813471503,0.08031088082901554
PV_in_HC,1377.tif,0.96,0.492330383480826,0.06047197640117994
PV_in_HC,1418.tif,0.0,0.0008810733214488805,0.9964490482049138
PV_in_HC,1418.tif,0.04,0.21020733652312598,0.42424242424242425
PV_in_HC,1418.tif,0.08,0.26649616368286444,0.33248081841432225
PV_in_HC,1418.tif,0.12,0.26987179487179486,0.3108974358974359
PV_in_HC,1418.tif,0.16,0.30646387832699623,0.3155893536121673
PV_in_HC,1418.tif,0.2,0.31636363636363635,0.32272727272727275
PV_in_HC,1418.tif,0.24,0.37489539748953976,0.34309623430962344
PV_in_HC,1418.tif,0.28,0.41226415094339625,0.41509433962264153
PV_in_HC,1418.tif,0.32,0.3787037037037036,0.2916666666666667
PV_in_HC,1418.tif,0.36,0.40625,0.23214285714285715
PV_in_HC,1418.tif,0.4,0.39999999999999997,0.22388059701492538
PV_in_HC,1418.tif,0.44,0.3695906432748538,0.28654970760233917
PV_in_HC,1418.tif,0.48,0.3763313609467455,0.2485207100591716
PV_in_HC,1418.tif,0.52,0.37160493827160496,0.2222222222222222
PV_in_HC,1418.tif,0.56,0.3942196531791908,0.15028901734104047
PV_in_HC,1418.tif,0.6,0.37751479289940837,0.27218934911242604
PV_in_HC,1418.tif,0.64,0.3547945205479452,0.2465753424657534
PV_in_HC,1418.tif,0.68,0.38136645962732924,0.2484472049689441
PV_in_HC,1418.tif,0.72,0.4038709677419355,0.22580645161290322
PV_in_HC,1418.tif,0.76,0.4230303030303031,0.1696969696969697
PV_in_HC,1418.tif,0.8,0.4240963855421687,0.1746987951807229
PV_in_HC,1418.tif,0.84,0.39378238341968913,0.19689119170984457
PV_in_HC,1418.tif,0.88,0.42377049180327864,0.20901639344262296
PV_in_HC,1418.tif,0.92,0.4381294964028777,0.22302158273381295
PV_in_HC,1418.tif,0.96,0.5142028985507247,0.26666666666666666
PV_in_HC,1283.tif,0.0,0.0005865831056422797,0.997352733247989
PV_in_HC,1283.tif,0.04,0.24228571428571424,0.2857142857142857
PV_in_HC,1283.tif,0.08,0.22752293577981653,0.3944954128440367
PV_in_HC,1283.tif,0.12,0.3094736842105263,0.25263157894736843
PV_in_HC,1283.tif,0.16,0.2745762711864407,0.23728813559322035
PV_in_HC,1283.tif,0.2,0.3436619718309859,0.18309859154929578
PV_in_HC,1283.tif,0.24,0.4384615384615385,0.10256410256410256
PV_in_HC,1283.tif,0.28,0.4025641025641025,0.15384615384615385
PV_in_HC,1283.tif,0.32,0.4666666666666666,0.14583333333333334
PV_in_HC,1283.tif,0.36,0.35862068965517235,0.13793103448275862
PV_in_HC,1283.tif,0.4,0.4347826086956521,0.1956521739130435
PV_in_HC,1283.tif,0.44,0.4530612244897959,0.08163265306122448
PV_in_HC,1283.tif,0.48,0.4047619047619048,0.11904761904761904
PV_in_HC,1283.tif,0.52,0.3931034482758621,0.13793103448275862
PV_in_HC,1283.tif,0.56,0.4258064516129032,0.12903225806451613
PV_in_HC,1283.tif,0.6,0.47999999999999987,0.15
PV_in_HC,1283.tif,0.64,0.5,0.08620689655172414
PV_in_HC,1283.tif,0.68,0.44054054054054065,0.12162162162162163
PV_in_HC,1283.tif,0.72,0.4585365853658537,0.14634146341463414
PV_in_HC,1283.tif,0.76,0.47010309278350526,0.08247422680412371
PV_in_HC,1283.tif,0.8,0.4666666666666667,0.10666666666666667
PV_in_HC,1283.tif,0.84,0.3921052631578947,0.07894736842105263
PV_in_HC,1283.tif,0.88,0.41437908496732023,0.06535947712418301
PV_in_HC,1283.tif,0.92,0.5,0.3333333333333333
PV_in_HC,1283.tif,0.96,0.4925373134328358,0.22388059701492538
PV_in_HC,1599.tif,0.0,0.0005967431594490071,0.9981332649883903
PV_in_HC,1599.tif,0.04,0.22916666666666666,0.30654761904761907
PV_in_HC,1599.tif,0.08,0.23490566037735847,0.3113207547169811
PV_in_HC,1599.tif,0.12,0.2541666666666667,0.2847222222222222
PV_in_HC,1599.tif,0.16,0.26935483870967747,0.25806451612903225
PV_in_HC,1599.tif,0.2,0.28076923076923077,0.3076923076923077
PV_in_HC,1599.tif,0.24,0.3372549019607843,0.16666666666666666
PV_in_HC,1599.tif,0.28,0.3541666666666667,0.17708333333333334
PV_in_HC,1599.tif,0.32,0.26329113924050623,0.24050632911392406
PV_in_HC,1599.tif,0.36,0.3651162790697674,0.22093023255813954
PV_in_HC,1599.tif,0.4,0.3420289855072463,0.18840579710144928
PV_in_HC,1599.tif,0.44,0.38181818181818183,0.1038961038961039
PV_in_HC,1599.tif,0.48,0.30704225352112674,0.18309859154929578
PV_in_HC,1599.tif,0.52,0.36363636363636365,0.14285714285714285
PV_in_HC,1599.tif,0.56,0.30724637681159417,0.2753623188405797
PV_in_HC,1599.tif,0.6,0.3259259259259259,0.19753086419753085
PV_in_HC,1599.tif,0.64,0.3368421052631579,0.19736842105263158
PV_in_HC,1599.tif,0.68,0.337037037037037,0.2037037037037037
PV_in_HC,1599.tif,0.72,0.3714285714285715,0.12698412698412698
PV_in_HC,1599.tif,0.76,0.4057971014492754,0.17391304347826086
PV_in_HC,1599.tif,0.8,0.41836734693877553,0.15306122448979592
PV_in_HC,1599.tif,0.84,0.39361702127659576,0.1595744680851064
PV_in_HC,1599.tif,0.88,0.43636363636363634,0.15454545454545454
PV_in_HC,1599.tif,0.92,0.5789473684210527,0.07894736842105263
PV_in_HC,1599.tif,0.96,0.5006756756756756,0.06756756756756757
PV_in_HC,1385.tif,0.0,0.00014945714416601764,0.9993004336738589
PV_in_HC,1385.tif,0.04,0.22745098039215686,0.27450980392156865
PV_in_HC,1385.tif,0.08,0.165,0.475
PV_in_HC,1385.tif,0.12,0.18333333333333335,0.4166666666666667
PV_in_HC,1385.tif,0.16,0.15652173913043477,0.43478260869565216
PV_in_HC,1385.tif,0.2,0.15454545454545454,0.5909090909090909
PV_in_HC,1385.tif,0.24,0.3571428571428572,0.14285714285714285
PV_in_HC,1385.tif,0.28,0.21176470588235294,0.35294117647058826
PV_in_HC,1385.tif,0.32,0.3,0.3333333333333333
PV_in_HC,1385.tif,0.36,0.25882352941176473,0.29411764705882354
PV_in_HC,1385.tif,0.4,0.27999999999999997,0.4
PV_in_HC,1385.tif,0.44,0.30526315789473685,0.2631578947368421
PV_in_HC,1385.tif,0.48,0.12727272727272726,0.6363636363636364
PV_in_HC,1385.tif,0.52,0.24615384615384617,0.46153846153846156
PV_in_HC,1385.tif,0.56,0.19,0.6
PV_in_HC,1385.tif,0.6,0.034,0.92
PV_in_HC,1385.tif,0.64,0.023655913978494626,0.946236559139785
PV_in_HC,1385.tif,0.68,0.08235294117647061,0.7941176470588235
PV_in_HC,1385.tif,0.72,0.09777777777777778,0.7555555555555555
PV_in_HC,1385.tif,0.76,0.39999999999999997,0.16666666666666666
PV_in_HC,1385.tif,0.8,0.5272727272727272,0.0
PV_in_HC,1385.tif,0.84,0.6799999999999999,0.1
PV_in_HC,1385.tif,0.88,0.4782608695652174,0.043478260869565216
PV_in_HC,1385.tif,0.92,0.4782608695652174,0.17391304347826086
PV_in_HC,1385.tif,0.96,0.4,0.125
PV_in_HC,1582.tif,0.0,0.0008782042198229804,0.9966535938200161
PV_in_HC,1582.tif,0.04,0.2296442687747036,0.3300395256916996
PV_in_HC,1582.tif,0.08,0.26535947712418295,0.2679738562091503
PV_in_HC,1582.tif,0.12,0.2607407407407407,0.28888888888888886
PV_in_HC,1582.tif,0.16,0.2717171717171717,0.21717171717171718
PV_in_HC,1582.tif,0.2,0.29310344827586204,0.1839080459770115
PV_in_HC,1582.tif,0.24,0.2881118881118881,0.21678321678321677
PV_in_HC,1582.tif,0.28,0.31940298507462683,0.16417910447761194
PV_in_HC,1582.tif,0.32,0.34406779661016956,0.1694915254237288
PV_in_HC,1582.tif,0.36,0.3189189189189188,0.12162162162162163
PV_in_HC,1582.tif,0.4,0.3080645161290323,0.21774193548387097
PV_in_HC,1582.tif,0.44,0.3481481481481481,0.1574074074074074
PV_in_HC,1582.tif,0.48,0.3610619469026549,0.07079646017699115
PV_in_HC,1582.tif,0.52,0.33071895424836595,0.1503267973856209
PV_in_HC,1582.tif,0.56,0.3098901098901099,0.13186813186813187
PV_in_HC,1582.tif,0.6,0.3541284403669725,0.13761467889908258
PV_in_HC,1582.tif,0.64,0.3949367088607594,0.17721518987341772
PV_in_HC,1582.tif,0.68,0.4019607843137254,0.16666666666666666
PV_in_HC,1582.tif,0.72,0.44227642276422763,0.06504065040650407
PV_in_HC,1582.tif,0.76,0.4272727272727273,0.12121212121212122
PV_in_HC,1582.tif,0.8,0.39378881987577635,0.09316770186335403
PV_in_HC,1582.tif,0.84,0.45165562913907287,0.07947019867549669
PV_in_HC,1582.tif,0.88,0.4513888888888889,0.10416666666666667
PV_in_HC,1582.tif,0.92,0.48852459016393446,0.09836065573770492
PV_in_HC,1582.tif,0.96,0.5098684210526315,0.15460526315789475
PV_in_HC,1237.tif,0.0,0.00018390892493571798,0.9996252999034574
PV_in_HC,1237.tif,0.04,0.1326086956521739,0.6684782608695652
PV_in_HC,1237.tif,0.08,0.15206611570247935,0.5785123966942148
PV_in_HC,1237.tif,0.12,0.17009345794392525,0.5794392523364486
PV_in_HC,1237.tif,0.16,0.17142857142857143,0.5844155844155844
PV_in_HC,1237.tif,0.2,0.13239436619718312,0.676056338028169
PV_in_HC,1237.tif,0.24,0.15714285714285717,0.5952380952380952
PV_in_HC,1237.tif,0.28,0.1111111111111111,0.6666666666666666
PV_in_HC,1237.tif,0.32,0.06756756756756756,0.831081081081081
PV_in_HC,1237.tif,0.36,0.1931034482758621,0.603448275862069
PV_in_HC,1237.tif,0.4,0.15319148936170215,0.46808510638297873
PV_in_HC,1237.tif,0.44,0.1941176470588235,0.5294117647058824
PV_in_HC,1237.tif,0.48,0.2,0.4318181818181818
PV_in_HC,1237.tif,0.52,0.1829787234042553,0.48936170212765956
PV_in_HC,1237.tif,0.56,0.1586206896551724,0.5172413793103449
PV_in_HC,1237.tif,0.6,0.20727272727272728,0.41818181818181815
PV_in_HC,1237.tif,0.64,0.22647058823529412,0.5441176470588235
PV_in_HC,1237.tif,0.68,0.11818181818181817,0.5454545454545454
PV_in_HC,1237.tif,0.72,0.18584070796460178,0.26991150442477874
PV_in_HC,1237.tif,0.76,0.14095238095238094,0.5619047619047619
PV_in_HC,1237.tif,0.8,0.20821917808219176,0.4246575342465753
PV_in_HC,1237.tif,0.84,0.44485981308411215,0.6074766355140186
PV_in_HC,1237.tif,0.88,0.8265734265734265,0.916083916083916
PV_in_HC,1237.tif,0.92,0.6705882352941176,0.869281045751634
PV_in_HC,1237.tif,0.96,0.53855421686747,0.9156626506024096
cFOS_in_HC,1444.tif,0.0,0.001429355837866583,0.994859165561602
cFOS_in_HC,1444.tif,0.04,0.2042158516020236,0.4502529510961214
cFOS_in_HC,1444.tif,0.08,0.2345744680851064,0.3603723404255319
cFOS_in_HC,1444.tif,0.12,0.2389473684210526,0.34385964912280703
cFOS_in_HC,1444.tif,0.16,0.24918699186991874,0.28252032520325204
cFOS_in_HC,1444.tif,0.2,0.26865671641791045,0.39800995024875624
cFOS_in_HC,1444.tif,0.24,0.3005747126436782,0.3620689655172414
cFOS_in_HC,1444.tif,0.28,0.32052980132450337,0.3741721854304636
cFOS_in_HC,1444.tif,0.32,0.33170731707317075,0.32752613240418116
cFOS_in_HC,1444.tif,0.36,0.3694117647058824,0.32941176470588235
cFOS_in_HC,1444.tif,0.4,0.39729729729729735,0.2533783783783784
cFOS_in_HC,1444.tif,0.44,0.36027874564459933,0.2787456445993031
cFOS_in_HC,1444.tif,0.48,0.4286764705882353,0.19117647058823528
cFOS_in_HC,1444.tif,0.52,0.3951807228915663,0.2971887550200803
cFOS_in_HC,1444.tif,0.56,0.33807829181494664,0.3238434163701068
cFOS_in_HC,1444.tif,0.6,0.34545454545454546,0.2863636363636364
cFOS_in_HC,1444.tif,0.64,0.3805668016194332,0.29554655870445345
cFOS_in_HC,1444.tif,0.68,0.35213675213675216,0.2692307692307692
cFOS_in_HC,1444.tif,0.72,0.413265306122449,0.2653061224489796
cFOS_in_HC,1444.tif,0.76,0.4413793103448276,0.3645320197044335
cFOS_in_HC,1444.tif,0.8,0.40563380281690137,0.352112676056338
cFOS_in_HC,1444.tif,0.84,0.45974025974025967,0.31601731601731603
cFOS_in_HC,1444.tif,0.88,0.4992537313432836,0.21641791044776118
cFOS_in_HC,1444.tif,0.92,0.4566978193146417,0.27414330218068533
cFOS_in_HC,1444.tif,0.96,0.47368421052631576,0.2813067150635209
cFOS_in_HC,1385.tif,0.0,0.0009375840461403144,0.9965400507076386
cFOS_in_HC,1385.tif,0.04,0.2681732580037665,0.2843691148775895
cFOS_in_HC,1385.tif,0.08,0.29464788732394365,0.2647887323943662
cFOS_in_HC,1385.tif,0.12,0.3117117117117118,0.1891891891891892
cFOS_in_HC,1385.tif,0.16,0.2918918918918919,0.22702702702702704
cFOS_in_HC,1385.tif,0.2,0.30000000000000004,0.19736842105263158
cFOS_in_HC,1385.tif,0.24,0.3242857142857143,0.2
cFOS_in_HC,1385.tif,0.28,0.3462686567164178,0.16417910447761194
cFOS_in_HC,1385.tif,0.32,0.2897637795275593,0.2047244094488189
cFOS_in_HC,1385.tif,0.36,0.3747747747747747,0.22522522522522523
cFOS_in_HC,1385.tif,0.4,0.34385964912280703,0.20175438596491227
cFOS_in_HC,1385.tif,0.44,0.3912087912087914,0.1978021978021978
cFOS_in_HC,1385.tif,0.48,0.3631067961165048,0.21359223300970873
cFOS_in_HC,1385.tif,0.52,0.3057692307692308,0.25961538461538464
cFOS_in_HC,1385.tif,0.56,0.3797468354430379,0.1518987341772152
cFOS_in_HC,1385.tif,0.6,0.38958333333333334,0.22916666666666666
cFOS_in_HC,1385.tif,0.64,0.2988235294117647,0.23529411764705882
cFOS_in_HC,1385.tif,0.68,0.37471264367816093,0.16091954022988506
cFOS_in_HC,1385.tif,0.72,0.34285714285714286,0.21978021978021978
cFOS_in_HC,1385.tif,0.76,0.41237113402061865,0.17525773195876287
cFOS_in_HC,1385.tif,0.8,0.3815126050420169,0.23529411764705882
cFOS_in_HC,1385.tif,0.84,0.36153846153846153,0.23846153846153847
cFOS_in_HC,1385.tif,0.88,0.33049645390070925,0.2978723404255319
cFOS_in_HC,1385.tif,0.92,0.4368421052631579,0.11842105263157894
cFOS_in_HC,1385.tif,0.96,0.47438596491228074,0.11929824561403508
cFOS_in_HC,1418.tif,0.0,0.001182325707147165,0.9961458406237985
cFOS_in_HC,1418.tif,0.04,0.18926829268292686,0.5414634146341464
cFOS_in_HC,1418.tif,0.08,0.20540540540540542,0.49034749034749037
cFOS_in_HC,1418.tif,0.12,0.20771349862258956,0.4325068870523416
cFOS_in_HC,1418.tif,0.16,0.21690140845070424,0.47183098591549294
cFOS_in_HC,1418.tif,0.2,0.21009174311926607,0.44495412844036697
cFOS_in_HC,1418.tif,0.24,0.2517073170731708,0.4
cFOS_in_HC,1418.tif,0.28,0.225531914893617,0.4627659574468085
cFOS_in_HC,1418.tif,0.32,0.24607329842931938,0.4712041884816754
cFOS_in_HC,1418.tif,0.36,0.24888888888888888,0.45
cFOS_in_HC,1418.tif,0.4,0.391358024691358,0.2222222222222222
cFOS_in_HC,1418.tif,0.44,0.3918604651162791,0.18604651162790697
cFOS_in_HC,1418.tif,0.48,0.34871794871794876,0.19230769230769232
cFOS_in_HC,1418.tif,0.52,0.35,0.23648648648648649
cFOS_in_HC,1418.tif,0.56,0.43174603174603177,0.14285714285714285
cFOS_in_HC,1418.tif,0.6,0.42037037037037045,0.2222222222222222
cFOS_in_HC,1418.tif,0.64,0.45909090909090916,0.17424242424242425
cFOS_in_HC,1418.tif,0.68,0.38947368421052636,0.22556390977443608
cFOS_in_HC,1418.tif,0.72,0.4267515923566879,0.20382165605095542
cFOS_in_HC,1418.tif,0.76,0.4206451612903226,0.14193548387096774
cFOS_in_HC,1418.tif,0.8,0.42909090909090913,0.1393939393939394
cFOS_in_HC,1418.tif,0.84,0.4484076433121019,0.1592356687898089
cFOS_in_HC,1418.tif,0.88,0.38850574712643693,0.23563218390804597
cFOS_in_HC,1418.tif,0.92,0.4847222222222223,0.1597222222222222
cFOS_in_HC,1418.tif,0.96,0.4742028985507247,0.19420289855072465
cFOS_in_HC,1582.tif,0.0,0.0010237184113101622,0.996465574329796
cFOS_in_HC,1582.tif,0.04,0.17333333333333334,0.4867924528301887
cFOS_in_HC,1582.tif,0.08,0.20449438202247192,0.4044943820224719
cFOS_in_HC,1582.tif,0.12,0.21611111111111111,0.3388888888888889
cFOS_in_HC,1582.tif,0.16,0.26441947565543067,0.23595505617977527
cFOS_in_HC,1582.tif,0.2,0.2351851851851852,0.25
cFOS_in_HC,1582.tif,0.24,0.2679802955665025,0.32019704433497537
cFOS_in_HC,1582.tif,0.28,0.3081081081081081,0.24324324324324326
cFOS_in_HC,1582.tif,0.32,0.32513966480446926,0.2737430167597765
cFOS_in_HC,1582.tif,0.36,0.3050632911392405,0.3227848101265823
cFOS_in_HC,1582.tif,0.4,0.2765432098765432,0.3148148148148148
cFOS_in_HC,1582.tif,0.44,0.3464566929133857,0.2992125984251969
cFOS_in_HC,1582.tif,0.48,0.34879999999999994,0.304
cFOS_in_HC,1582.tif,0.52,0.33613445378151247,0.2605042016806723
cFOS_in_HC,1582.tif,0.56,0.3371428571428572,0.29285714285714287
cFOS_in_HC,1582.tif,0.6,0.30175438596491233,0.35964912280701755
cFOS_in_HC,1582.tif,0.64,0.35959595959595964,0.24242424242424243
cFOS_in_HC,1582.tif,0.68,0.3630434782608695,0.2608695652173913
cFOS_in_HC,1582.tif,0.72,0.3621052631578947,0.23157894736842105
cFOS_in_HC,1582.tif,0.76,0.41157024793388436,0.1652892561983471
cFOS_in_HC,1582.tif,0.8,0.3925925925925926,0.16666666666666666
cFOS_in_HC,1582.tif,0.84,0.46107784431137727,0.1437125748502994
cFOS_in_HC,1582.tif,0.88,0.4449760765550239,0.18181818181818182
cFOS_in_HC,1582.tif,0.92,0.3975,0.17083333333333334
cFOS_in_HC,1582.tif,0.96,0.48161209068010075,0.1486146095717884
cFOS_in_HC,1377.tif,0.0,0.0017161714902957218,0.9934805087970847
cFOS_in_HC,1377.tif,0.04,0.22616451932606546,0.3191278493557978
cFOS_in_HC,1377.tif,0.08,0.2281124497991968,0.30522088353413657
cFOS_in_HC,1377.tif,0.12,0.2474336283185841,0.27079646017699116
cFOS_in_HC,1377.tif,0.16,0.2427027027027027,0.3081081081081081
cFOS_in_HC,1377.tif,0.2,0.2718266253869969,0.2848297213622291
cFOS_in_HC,1377.tif,0.24,0.3123919308357349,0.207492795389049
cFOS_in_HC,1377.tif,0.28,0.3193103448275862,0.19655172413793104
cFOS_in_HC,1377.tif,0.32,0.3477551020408164,0.1510204081632653
cFOS_in_HC,1377.tif,0.36,0.31774193548387103,0.1814516129032258
cFOS_in_HC,1377.tif,0.4,0.3432432432432432,0.1891891891891892
cFOS_in_HC,1377.tif,0.44,0.3346733668341708,0.17587939698492464
cFOS_in_HC,1377.tif,0.48,0.364179104477612,0.15920398009950248
cFOS_in_HC,1377.tif,0.52,0.3407407407407408,0.14351851851851852
cFOS_in_HC,1377.tif,0.56,0.34347826086956523,0.18695652173913044
cFOS_in_HC,1377.tif,0.6,0.3467248908296943,0.1703056768558952
cFOS_in_HC,1377.tif,0.64,0.3665236051502146,0.1630901287553648
cFOS_in_HC,1377.tif,0.68,0.4,0.11475409836065574
cFOS_in_HC,1377.tif,0.72,0.38522167487684733,0.12807881773399016
cFOS_in_HC,1377.tif,0.76,0.4,0.11219512195121951
cFOS_in_HC,1377.tif,0.8,0.42845528455284554,0.1016260162601626
cFOS_in_HC,1377.tif,0.84,0.433195020746888,0.11618257261410789
cFOS_in_HC,1377.tif,0.88,0.4351851851851852,0.1388888888888889
cFOS_in_HC,1377.tif,0.92,0.43594202898550727,0.11014492753623188
cFOS_in_HC,1377.tif,0.96,0.45557461406518013,0.08404802744425385
cFOS_in_HC,1283.tif,0.0,0.0015015355303869846,0.9955038441076542
cFOS_in_HC,1283.tif,0.04,0.23412698412698413,0.5109126984126984
cFOS_in_HC,1283.tif,0.08,0.2509157509157509,0.4523809523809524
cFOS_in_HC,1283.tif,0.12,0.2491566265060241,0.44819277108433736
cFOS_in_HC,1283.tif,0.16,0.24671916010498687,0.4435695538057743
cFOS_in_HC,1283.tif,0.2,0.264951768488746,0.4405144694533762
cFOS_in_HC,1283.tif,0.24,0.25101214574898784,0.44129554655870445
cFOS_in_HC,1283.tif,0.28,0.29457364341085274,0.4186046511627907
cFOS_in_HC,1283.tif,0.32,0.30467289719626167,0.37383177570093457
cFOS_in_HC,1283.tif,0.36,0.2913793103448276,0.4396551724137931
cFOS_in_HC,1283.tif,0.4,0.2903225806451613,0.3824884792626728
cFOS_in_HC,1283.tif,0.44,0.32718446601941753,0.42718446601941745
cFOS_in_HC,1283.tif,0.48,0.3486338797814208,0.3879781420765027
cFOS_in_HC,1283.tif,0.52,0.34400000000000003,0.37714285714285717
cFOS_in_HC,1283.tif,0.56,0.3719512195121951,0.3780487804878049
cFOS_in_HC,1283.tif,0.6,0.34970760233918124,0.38011695906432746
cFOS_in_HC,1283.tif,0.64,0.3866666666666667,0.37435897435897436
cFOS_in_HC,1283.tif,0.68,0.4067796610169492,0.3220338983050847
cFOS_in_HC,1283.tif,0.72,0.42571428571428566,0.3761904761904762
cFOS_in_HC,1283.tif,0.76,0.49073170731707316,0.36097560975609755
cFOS_in_HC,1283.tif,0.8,0.4849740932642487,0.35233160621761656
cFOS_in_HC,1283.tif,0.84,0.45294117647058824,0.3319327731092437
cFOS_in_HC,1283.tif,0.88,0.5089605734767025,0.2831541218637993
cFOS_in_HC,1283.tif,0.92,0.4966292134831461,0.2949438202247191
cFOS_in_HC,1283.tif,0.96,0.4874576271186441,0.2966101694915254
cFOS_in_HC,1599.tif,0.0,0.0011940269897255022,0.995827902162245
cFOS_in_HC,1599.tif,0.04,0.23759036144578313,0.3963855421686747
cFOS_in_HC,1599.tif,0.08,0.27740492170022374,0.36465324384787473
cFOS_in_HC,1599.tif,0.12,0.3333333333333333,0.28688524590163933
cFOS_in_HC,1599.tif,0.16,0.30532915360501567,0.3605015673981191
cFOS_in_HC,1599.tif,0.2,0.37890909090909086,0.2727272727272727
cFOS_in_HC,1599.tif,0.24,0.3532467532467532,0.3116883116883117
cFOS_in_HC,1599.tif,0.28,0.3913461538461539,0.28365384615384615
cFOS_in_HC,1599.tif,0.32,0.37610062893081764,0.32075471698113206
cFOS_in_HC,1599.tif,0.36,0.28549618320610687,0.2900763358778626
cFOS_in_HC,1599.tif,0.4,0.3490445859872611,0.24203821656050956
cFOS_in_HC,1599.tif,0.44,0.35877862595419846,0.2824427480916031
cFOS_in_HC,1599.tif,0.48,0.325984251968504,0.29133858267716534
cFOS_in_HC,1599.tif,0.52,0.3892307692307692,0.2846153846153846
cFOS_in_HC,1599.tif,0.56,0.4201342281879195,0.21476510067114093
cFOS_in_HC,1599.tif,0.6,0.3075757575757576,0.2727272727272727
cFOS_in_HC,1599.tif,0.64,0.3816793893129771,0.22900763358778625
cFOS_in_HC,1599.tif,0.68,0.3122302158273381,0.2158273381294964
cFOS_in_HC,1599.tif,0.72,0.4380165289256198,0.19834710743801653
cFOS_in_HC,1599.tif,0.76,0.3476923076923077,0.26153846153846155
cFOS_in_HC,1599.tif,0.8,0.44732824427480916,0.26717557251908397
cFOS_in_HC,1599.tif,0.84,0.4920634920634922,0.3253968253968254
cFOS_in_HC,1599.tif,0.88,0.5113924050632911,0.2911392405063291
cFOS_in_HC,1599.tif,0.92,0.495609756097561,0.2731707317073171
cFOS_in_HC,1599.tif,0.96,0.48602150537634414,0.24731182795698925
cFOS_in_HC,1237.tif,0.0,0.0040086561341953235,0.989482738701444
cFOS_in_HC,1237.tif,0.04,0.24659685863874345,0.4846671652954376
cFOS_in_HC,1237.tif,0.08,0.28374253483742534,0.43198407431984076
cFOS_in_HC,1237.tif,0.12,0.28434134217067114,0.4183927091963546
cFOS_in_HC,1237.tif,0.16,0.289738430583501,0.42052313883299797
cFOS_in_HC,1237.tif,0.2,0.3119186046511628,0.38808139534883723
cFOS_in_HC,1237.tif,0.24,0.34481707317073174,0.3780487804878049
cFOS_in_HC,1237.tif,0.28,0.32369337979094076,0.3623693379790941
cFOS_in_HC,1237.tif,0.32,0.32822429906542055,0.38691588785046727
cFOS_in_HC,1237.tif,0.36,0.3514598540145985,0.29744525547445255
cFOS_in_HC,1237.tif,0.4,0.3549618320610687,0.3511450381679389
cFOS_in_HC,1237.tif,0.44,0.3714285714285714,0.3250517598343685
cFOS_in_HC,1237.tif,0.48,0.3941176470588235,0.3088235294117647
cFOS_in_HC,1237.tif,0.52,0.3829059829059829,0.344017094017094
cFOS_in_HC,1237.tif,0.56,0.3710084033613446,0.3382352941176471
cFOS_in_HC,1237.tif,0.6,0.41507128309572305,0.2668024439918534
cFOS_in_HC,1237.tif,0.64,0.3866141732283464,0.3484251968503937
cFOS_in_HC,1237.tif,0.68,0.3943289224952741,0.33648393194706994
cFOS_in_HC,1237.tif,0.72,0.3853982300884956,0.34292035398230086
cFOS_in_HC,1237.tif,0.76,0.37640232108317206,0.3481624758220503
cFOS_in_HC,1237.tif,0.8,0.41040892193308554,0.3475836431226766
cFOS_in_HC,1237.tif,0.84,0.4093425605536333,0.3615916955017301
cFOS_in_HC,1237.tif,0.88,0.4601190476190476,0.3020833333333333
cFOS_in_HC,1237.tif,0.92,0.4717948717948718,0.34812623274161736
cFOS_in_HC,1237.tif,0.96,0.4764747690120825,0.26439232409381663
mScarlet_in_PAG,2359.tif,0.0,0.007416619334829912,0.9760814648527304
mScarlet_in_PAG,2359.tif,0.04,0.1700040413716715,0.5580535556586688
mScarlet_in_PAG,2359.tif,0.08,0.19300045948843622,0.5161842038086486
mScarlet_in_PAG,2359.tif,0.12,0.18014068155432628,0.5532677729973366
mScarlet_in_PAG,2359.tif,0.16,0.17428414701042239,0.5719875662826842
mScarlet_in_PAG,2359.tif,0.2,0.2023096697646826,0.5276250741546371
mScarlet_in_PAG,2359.tif,0.24,0.24507650247014248,0.49292532015924023
mScarlet_in_PAG,2359.tif,0.28,0.2502664298401421,0.4905639431616341
mScarlet_in_PAG,2359.tif,0.32,0.2685947183295182,0.48445089609737035
mScarlet_in_PAG,2359.tif,0.36,0.276329062554351,0.4779407501884167
mScarlet_in_PAG,2359.tif,0.4,0.300535918588547,0.43469621244053713
mScarlet_in_PAG,2359.tif,0.44,0.3214118590814894,0.42716759141653854
mScarlet_in_PAG,2359.tif,0.48,0.3379335577345236,0.42638665300746376
mScarlet_in_PAG,2359.tif,0.52,0.3264765152689506,0.4200124011781119
mScarlet_in_PAG,2359.tif,0.56,0.31819544364508395,0.39336031175059955
mScarlet_in_PAG,2359.tif,0.6,0.3262159313356423,0.3898509260653516
mScarlet_in_PAG,2359.tif,0.64,0.348215933558905,0.39395570593663487
mScarlet_in_PAG,2359.tif,0.68,0.3582535605883726,0.4313954393338003
mScarlet_in_PAG,2359.tif,0.72,0.36177689120761086,0.41913457112168173
mScarlet_in_PAG,2359.tif,0.76,0.3879727134247301,0.40280813298893964
mScarlet_in_PAG,2359.tif,0.8,0.3927650831206027,0.39866757985181495
mScarlet_in_PAG,2359.tif,0.84,0.4018952726485082,0.3519250555044133
mScarlet_in_PAG,2359.tif,0.88,0.42225593344751655,0.38380229997553217
mScarlet_in_PAG,2359.tif,0.92,0.41658398299078664,0.3983384518466021
mScarlet_in_PAG,2359.tif,0.96,0.4499848285627592,0.35104682916961666
mScarlet_in_PAG,2365.tif,0.0,0.005523489831479842,0.9810368703509726
mScarlet_in_PAG,2365.tif,0.04,0.15502899877899878,0.604872557997558
mScarlet_in_PAG,2365.tif,0.08,0.17265869579697596,0.5763671484713249
mScarlet_in_PAG,2365.tif,0.12,0.16423238145140162,0.6093790935289495
mScarlet_in_PAG,2365.tif,0.16,0.17247354125690736,0.5832162592488527
mScarlet_in_PAG,2365.tif,0.2,0.1988481479501844,0.4898711849911807
mScarlet_in_PAG,2365.tif,0.24,0.21570667013392278,0.45085164477961254
mScarlet_in_PAG,2365.tif,0.28,0.21058619359814887,0.490474354030081
mScarlet_in_PAG,2365.tif,0.32,0.2140553513837846,0.4896872421810545
mScarlet_in_PAG,2365.tif,0.36,0.19713834043102335,0.5161956381468576
mScarlet_in_PAG,2365.tif,0.4,0.25149441219786883,0.4059603222732392
mScarlet_in_PAG,2365.tif,0.44,0.2542540128058942,0.3759319357951057
mScarlet_in_PAG,2365.tif,0.48,0.2561271486141952,0.32124352331606215
mScarlet_in_PAG,2365.tif,0.52,0.28114818837002664,0.3100997136933557
mScarlet_in_PAG,2365.tif,0.56,0.2827140549273021,0.3129335740758339
mScarlet_in_PAG,2365.tif,0.6,0.3037852452684434,0.3063924295094631
mScarlet_in_PAG,2365.tif,0.64,0.31152112007593735,0.3372093023255814
mScarlet_in_PAG,2365.tif,0.68,0.3362029776110922,0.3137856574610751
mScarlet_in_PAG,2365.tif,0.72,0.38205440519691436,0.24208282582216809
mScarlet_in_PAG,2365.tif,0.76,0.39311944337069965,0.2600502512562814
mScarlet_in_PAG,2365.tif,0.8,0.4061555707183936,0.28228872209767036
mScarlet_in_PAG,2365.tif,0.84,0.3892037055287277,0.3128018133438455
mScarlet_in_PAG,2365.tif,0.88,0.4282400422450211,0.3450512975256488
mScarlet_in_PAG,2365.tif,0.92,0.4474364498061181,0.33901643380316365
mScarlet_in_PAG,2365.tif,0.96,0.4509474861897769,0.37147751905461157
mScarlet_in_PAG,2363.tif,0.0,0.007384443428537381,0.9759245394636744
mScarlet_in_PAG,2363.tif,0.04,0.16124437309157302,0.5679321308275884
mScarlet_in_PAG,2363.tif,0.08,0.18236434108527133,0.5397358598908987
mScarlet_in_PAG,2363.tif,0.12,0.18729974367190003,0.5395305991669337
mScarlet_in_PAG,2363.tif,0.16,0.1927834322872491,0.5138535482046932
mScarlet_in_PAG,2363.tif,0.2,0.21803697329706323,0.49042358296785654
mScarlet_in_PAG,2363.tif,0.24,0.2660258481421648,0.42681744749596123
mScarlet_in_PAG,2363.tif,0.28,0.2567582179930796,0.4459342560553633
mScarlet_in_PAG,2363.tif,0.32,0.25213893249607533,0.4543956043956044
mScarlet_in_PAG,2363.tif,0.36,0.26330023411641235,0.44861548397513523
mScarlet_in_PAG,2363.tif,0.4,0.27004076086956524,0.44454823369565216
mScarlet_in_PAG,2363.tif,0.44,0.3011850185970072,0.3818008822766197
mScarlet_in_PAG,2363.tif,0.48,0.3119945518004597,0.3960160040861497
mScarlet_in_PAG,2363.tif,0.52,0.3295847750865052,0.42387543252595156
mScarlet_in_PAG,2363.tif,0.56,0.32265217391304346,0.42634782608695654
mScarlet_in_PAG,2363.tif,0.6,0.3232998885172798,0.42757910985335734
mScarlet_in_PAG,2363.tif,0.64,0.31691522762951335,0.44992150706436423
mScarlet_in_PAG,2363.tif,0.68,0.3497026078999542,0.47369223730364496
mScarlet_in_PAG,2363.tif,0.72,0.35812689068759707,0.4153380753822255
mScarlet_in_PAG,2363.tif,0.76,0.38333743035070467,0.3938053097345133
mScarlet_in_PAG,2363.tif,0.8,0.3987524752475248,0.3577029702970297
mScarlet_in_PAG,2363.tif,0.84,0.40010555946516535,0.3437016185784659
mScarlet_in_PAG,2363.tif,0.88,0.43021801859570374,0.35966655979480605
mScarlet_in_PAG,2363.tif,0.92,0.45837080137529757,0.3532927796879132
mScarlet_in_PAG,2363.tif,0.96,0.4875902992776058,0.31493808049535604
mScarlet_in_PAG,2364.tif,0.0,0.006466034424039192,0.9783904010898326
mScarlet_in_PAG,2364.tif,0.04,0.18094714886960409,0.513035867257626
mScarlet_in_PAG,2364.tif,0.08,0.19490815052612806,0.507223113964687
mScarlet_in_PAG,2364.tif,0.12,0.20839100758913656,0.4816953844685218
mScarlet_in_PAG,2364.tif,0.16,0.22418181818181818,0.446993006993007
mScarlet_in_PAG,2364.tif,0.2,0.24977240213291715,0.3800884380283522
mScarlet_in_PAG,2364.tif,0.24,0.27697899838449114,0.36663974151857837
mScarlet_in_PAG,2364.tif,0.28,0.26804565550843634,0.4077415862131192
mScarlet_in_PAG,2364.tif,0.32,0.29996011168727565,0.41124850418827286
mScarlet_in_PAG,2364.tif,0.36,0.3118934544703696,0.40243650629774935
mScarlet_in_PAG,2364.tif,0.4,0.31986242476354254,0.3738177128116939
mScarlet_in_PAG,2364.tif,0.44,0.3145691850594228,0.3513370118845501
mScarlet_in_PAG,2364.tif,0.48,0.31283978253917494,0.33056177379810253
mScarlet_in_PAG,2364.tif,0.52,0.3277523174669305,0.3265284866159775
mScarlet_in_PAG,2364.tif,0.56,0.31222826086956523,0.3333695652173913
mScarlet_in_PAG,2364.tif,0.6,0.31171515278359146,0.3165550439514441
mScarlet_in_PAG,2364.tif,0.64,0.32596331215412994,0.30282844845255175
mScarlet_in_PAG,2364.tif,0.68,0.33253401739906313,0.3178674994423377
mScarlet_in_PAG,2364.tif,0.72,0.34613073780341264,0.3058159096371065
mScarlet_in_PAG,2364.tif,0.76,0.36375768829058835,0.28153649762098176
mScarlet_in_PAG,2364.tif,0.8,0.3690176322418136,0.28726316942284524
mScarlet_in_PAG,2364.tif,0.84,0.4027732374414297,0.2869129345101885
mScarlet_in_PAG,2364.tif,0.88,0.4312436100009295,0.28069523189887535
mScarlet_in_PAG,2364.tif,0.92,0.4562678669180707,0.2734626847515358
mScarlet_in_PAG,2364.tif,0.96,0.5046229604586212,0.3174481846244304
mScarlet_in_PAG,2354.tif,0.0,0.004706181417028687,0.983290997710946
mScarlet_in_PAG,2354.tif,0.04,0.15777830574694438,0.61423932842322
mScarlet_in_PAG,2354.tif,0.08,0.1872346279059104,0.5997982484295474
mScarlet_in_PAG,2354.tif,0.12,0.17866587607471093,0.6013637711236288
mScarlet_in_PAG,2354.tif,0.16,0.16494049954230416,0.6366548973453642
mScarlet_in_PAG,2354.tif,0.2,0.1965109130033815,0.5707808177067323
mScarlet_in_PAG,2354.tif,0.24,0.19928590089697815,0.5280849952103109
mScarlet_in_PAG,2354.tif,0.28,0.2282144916394388,0.5090332500480492
mScarlet_in_PAG,2354.tif,0.32,0.23993392525294238,0.5348957257897997
mScarlet_in_PAG,2354.tif,0.36,0.2547477417933466,0.5506719541749284
mScarlet_in_PAG,2354.tif,0.4,0.2677772489290814,0.530580675868634
mScarlet_in_PAG,2354.tif,0.44,0.2881069851986497,0.48052453908075826
mScarlet_in_PAG,2354.tif,0.48,0.3106727629000653,0.477726975832789
mScarlet_in_PAG,2354.tif,0.52,0.3268530072373347,0.45994509608185674
mScarlet_in_PAG,2354.tif,0.56,0.36044928522804637,0.5258679373723621
mScarlet_in_PAG,2354.tif,0.6,0.38371186051846756,0.5230557467309016
mScarlet_in_PAG,2354.tif,0.64,0.39649334945586456,0.5022974607013301
mScarlet_in_PAG,2354.tif,0.68,0.4043345915012785,0.48106660172896626
mScarlet_in_PAG,2354.tif,0.72,0.43364297705651933,0.44286513710128705
mScarlet_in_PAG,2354.tif,0.76,0.4159079231322578,0.41783989312506425
mScarlet_in_PAG,2354.tif,0.8,0.41141521379176,0.4566085516704003
mScarlet_in_PAG,2354.tif,0.84,0.43233466283276134,0.4178647620814396
mScarlet_in_PAG,2354.tif,0.88,0.4539908579465542,0.3842299578059072
mScarlet_in_PAG,2354.tif,0.92,0.44688918558077434,0.4102803738317757
mScarlet_in_PAG,2354.tif,0.96,0.45427866754081986,0.429209203584028
mScarlet_in_PAG,2366.tif,0.0,0.004745649516232028,0.9831761714020236
mScarlet_in_PAG,2366.tif,0.04,0.19630274216826557,0.4952599258567507
mScarlet_in_PAG,2366.tif,0.08,0.19769517719158006,0.4950173194777511
mScarlet_in_PAG,2366.tif,0.12,0.20227057390362752,0.4943827828911749
mScarlet_in_PAG,2366.tif,0.16,0.18831238394515068,0.5427796029138694
mScarlet_in_PAG,2366.tif,0.2,0.2505666364460562,0.4236929585977637
mScarlet_in_PAG,2366.tif,0.24,0.29489849036959914,0.35007808433107757
mScarlet_in_PAG,2366.tif,0.28,0.27611044417767105,0.34133653461384555
mScarlet_in_PAG,2366.tif,0.32,0.2697233882251641,0.37272629426326553
mScarlet_in_PAG,2366.tif,0.36,0.2840554592720971,0.33934142114384747
mScarlet_in_PAG,2366.tif,0.4,0.29732417864476385,0.3459958932238193
mScarlet_in_PAG,2366.tif,0.44,0.269775212636695,0.4172539489671932
mScarlet_in_PAG,2366.tif,0.48,0.3002488249930882,0.36369919823057784
mScarlet_in_PAG,2366.tif,0.52,0.34770114942528735,0.2947353483751951
mScarlet_in_PAG,2366.tif,0.56,0.33253323485967506,0.303397341211226
mScarlet_in_PAG,2366.tif,0.6,0.3129222972972973,0.3409346846846847
mScarlet_in_PAG,2366.tif,0.64,0.324009083402147,0.33360858794384807
mScarlet_in_PAG,2366.tif,0.68,0.3599485787744608,0.28467361805456365
mScarlet_in_PAG,2366.tif,0.72,0.39530709917575113,0.25312416910396174
mScarlet_in_PAG,2366.tif,0.76,0.36893949979041496,0.24339807181780077
mScarlet_in_PAG,2366.tif,0.8,0.37444210265311184,0.23791222415075627
mScarlet_in_PAG,2366.tif,0.84,0.3876277287505806,0.25243845796562936
mScarlet_in_PAG,2366.tif,0.88,0.3869339198240528,0.27791662501249625
mScarlet_in_PAG,2366.tif,0.92,0.4109076109076109,0.263980463980464
mScarlet_in_PAG,2366.tif,0.96,0.4527857869742198,0.22239654002713705
mScarlet_in_PAG,2368.tif,0.0,0.0029424467919480614,0.9908041772933837
mScarlet_in_PAG,2368.tif,0.04,0.15462735190479357,0.6244930523236487
mScarlet_in_PAG,2368.tif,0.08,0.16240670893186743,0.6314902495786855
mScarlet_in_PAG,2368.tif,0.12,0.18051189941625506,0.6032031133063913
mScarlet_in_PAG,2368.tif,0.16,0.18218668928357612,0.5912991418878467
mScarlet_in_PAG,2368.tif,0.2,0.1834980023755534,0.5512363675628982
mScarlet_in_PAG,2368.tif,0.24,0.20440369730217178,0.5415946494326295
mScarlet_in_PAG,2368.tif,0.28,0.20149085667957842,0.5731015223853707
mScarlet_in_PAG,2368.tif,0.32,0.18547797477609212,0.5902028879546701
mScarlet_in_PAG,2368.tif,0.36,0.20531374878496597,0.5528674802894481
mScarlet_in_PAG,2368.tif,0.4,0.2088914402347238,0.5725220053578263
mScarlet_in_PAG,2368.tif,0.44,0.22462477741032816,0.5782243703892139
mScarlet_in_PAG,2368.tif,0.48,0.2888920174574124,0.46839363649162324
mScarlet_in_PAG,2368.tif,0.52,0.30140453443604737,0.4655639526593469
mScarlet_in_PAG,2368.tif,0.56,0.3159058487874465,0.4514978601997147
mScarlet_in_PAG,2368.tif,0.6,0.344732403005674,0.42600828093850635
mScarlet_in_PAG,2368.tif,0.64,0.36809965803615047,0.42810617163328446
mScarlet_in_PAG,2368.tif,0.68,0.3577586206896552,0.468445022771633
mScarlet_in_PAG,2368.tif,0.72,0.3489665509624487,0.45124644998422214
mScarlet_in_PAG,2368.tif,0.76,0.3561419408812047,0.4467373117679866
mScarlet_in_PAG,2368.tif,0.8,0.39592043582921577,0.4448245280628405
mScarlet_in_PAG,2368.tif,0.84,0.4208348545697943,0.4434708531094073
mScarlet_in_PAG,2368.tif,0.88,0.41435518731988474,0.46529779058597504
mScarlet_in_PAG,2368.tif,0.92,0.4537800385897211,0.4749166812839853
mScarlet_in_PAG,2368.tif,0.96,0.4547784078975005,0.48380592312539383
mScarlet_in_PAG,2355.tif,0.0,0.0048580203234842205,0.9808621221446705
mScarlet_in_PAG,2355.tif,0.04,0.14083873324744747,0.5985732689830215
mScarlet_in_PAG,2355.tif,0.08,0.14918416433725543,0.5743678086199051
mScarlet_in_PAG,2355.tif,0.12,0.13441687344913153,0.6081885856079404
mScarlet_in_PAG,2355.tif,0.16,0.12747765596794786,0.6365517545018271
mScarlet_in_PAG,2355.tif,0.2,0.1632930770539207,0.5428360832341101
mScarlet_in_PAG,2355.tif,0.24,0.18135506129340087,0.4783087425677164
mScarlet_in_PAG,2355.tif,0.28,0.2081651168065321,0.48476600892114613
mScarlet_in_PAG,2355.tif,0.32,0.22485207100591717,0.5
mScarlet_in_PAG,2355.tif,0.36,0.22656978635722805,0.4563496366988396
mScarlet_in_PAG,2355.tif,0.4,0.22628364623388375,0.45985071250848225
mScarlet_in_PAG,2355.tif,0.44,0.238562091503268,0.4260761775974758
mScarlet_in_PAG,2355.tif,0.48,0.26581227008425296,0.38542779162216684
mScarlet_in_PAG,2355.tif,0.52,0.2572610985703537,0.42463004765487833
mScarlet_in_PAG,2355.tif,0.56,0.27674449993251454,0.37683897961938184
mScarlet_in_PAG,2355.tif,0.6,0.29234396671289875,0.36421636615811376
mScarlet_in_PAG,2355.tif,0.64,0.3110524927459773,0.3608546557636508
mScarlet_in_PAG,2355.tif,0.68,0.34655172413793106,0.30623973727422005
mScarlet_in_PAG,2355.tif,0.72,0.34415584415584416,0.26199310893188443
mScarlet_in_PAG,2355.tif,0.76,0.332170011217749,0.27321450828867005
mScarlet_in_PAG,2355.tif,0.8,0.372919448153093,0.3135291499777481
mScarlet_in_PAG,2355.tif,0.84,0.37155691903144517,0.3041525145173661
mScarlet_in_PAG,2355.tif,0.88,0.3474398519432449,0.3335683440556975
mScarlet_in_PAG,2355.tif,0.92,0.3566561809785155,0.35834281507261895
mScarlet_in_PAG,2355.tif,0.96,0.4545030181086519,0.2418108651911469
YFP_in_CTX,2349.tif,0.0,0.0035354771177858006,0.9906274002025516
YFP_in_CTX,2349.tif,0.04,0.20630668554590337,0.5331598484558571
YFP_in_CTX,2349.tif,0.08,0.23888134543462208,0.4837418709354677
YFP_in_CTX,2349.tif,0.12,0.2528838801901533,0.47312256906352845
YFP_in_CTX,2349.tif,0.16,0.2678616194534971,0.4566307345199298
YFP_in_CTX,2349.tif,0.2,0.2749925838030258,0.44170869178285377
YFP_in_CTX,2349.tif,0.24,0.2910749928714001,0.42053036783575704
YFP_in_CTX,2349.tif,0.28,0.30100679281901993,0.3990174672489083
YFP_in_CTX,2349.tif,0.32,0.3100237247924081,0.3683274021352313
YFP_in_CTX,2349.tif,0.36,0.31562384302110336,0.3487597186227323
YFP_in_CTX,2349.tif,0.4,0.33306304480032434,0.3423879991891344
YFP_in_CTX,2349.tif,0.44,0.34944081029753116,0.3355138214813252
YFP_in_CTX,2349.tif,0.48,0.35213448352134485,0.3452775934527759
YFP_in_CTX,2349.tif,0.52,0.3636625603342699,0.34320293926950507
YFP_in_CTX,2349.tif,0.56,0.3683002033720397,0.3412714032670734
YFP_in_CTX,2349.tif,0.6,0.3870863911420111,0.2989571263035921
YFP_in_CTX,2349.tif,0.64,0.473564181327376,0.20036302708740575
YFP_in_CTX,2349.tif,0.68,0.49076773566569487,0.29300291545189505
YFP_in_CTX,2349.tif,0.72,0.45845317992969,0.27037392138063276
YFP_in_CTX,2349.tif,0.76,0.432952182952183,0.2901940401940402
YFP_in_CTX,2349.tif,0.8,0.43658072330853087,0.3144142585222357
YFP_in_CTX,2349.tif,0.84,0.44387391242333474,0.28084438739124234
YFP_in_CTX,2349.tif,0.88,0.4323145989812656,0.288008288008288
YFP_in_CTX,2349.tif,0.92,0.460550262284552,0.24644042393747992
YFP_in_CTX,2349.tif,0.96,0.504218971539233,0.30848635750596537
YFP_in_CTX,2347.tif,0.0,0.0013996930224423306,0.9961244167108102
YFP_in_CTX,2347.tif,0.04,0.18937778639271177,0.5217419396523875
YFP_in_CTX,2347.tif,0.08,0.22322034574999006,0.45753982512875796
YFP_in_CTX,2347.tif,0.12,0.2323079509161204,0.4484787359220037
YFP_in_CTX,2347.tif,0.16,0.22651969316057502,0.46335331657319667
YFP_in_CTX,2347.tif,0.2,0.24240231548480462,0.4341534008683068
YFP_in_CTX,2347.tif,0.24,0.25196078431372554,0.4208823529411765
YFP_in_CTX,2347.tif,0.28,0.2609262883235486,0.41193737769080235
YFP_in_CTX,2347.tif,0.32,0.2628951747088186,0.4169717138103161
YFP_in_CTX,2347.tif,0.36,0.2586283678468047,0.43052772211088847
YFP_in_CTX,2347.tif,0.4,0.2693205553507802,0.416144489495024
YFP_in_CTX,2347.tif,0.44,0.26342451874366773,0.41404930766632897
YFP_in_CTX,2347.tif,0.48,0.30459969876028276,0.29718456725756
YFP_in_CTX,2347.tif,0.52,0.3234961555857078,0.26051560379918587
YFP_in_CTX,2347.tif,0.56,0.33456005352960866,0.26664436266309804
YFP_in_CTX,2347.tif,0.6,0.3702669149596524,0.24394785847299813
YFP_in_CTX,2347.tif,0.64,0.3750839811882139,0.23380362798733084
YFP_in_CTX,2347.tif,0.68,0.35998432294728594,0.257201646090535
YFP_in_CTX,2347.tif,0.72,0.3799741986702392,0.282226853230128
YFP_in_CTX,2347.tif,0.76,0.38713047111668236,0.28110310247571296
YFP_in_CTX,2347.tif,0.8,0.41206949100883883,0.24321853093569035
YFP_in_CTX,2347.tif,0.84,0.4273813108501456,0.2264378199337549
YFP_in_CTX,2347.tif,0.88,0.4076398362892224,0.2605729877216917
YFP_in_CTX,2347.tif,0.92,0.4088269454123113,0.25892857142857145
YFP_in_CTX,2347.tif,0.96,0.46064480648931055,0.199010105176325
YFP_in_CTX,2332.tif,0.0,0.002321979874794671,0.991522693656796
YFP_in_CTX,2332.tif,0.04,0.16905981672559348,0.47467349736633235
YFP_in_CTX,2332.tif,0.08,0.19867295984677474,0.4054312880497982
YFP_in_CTX,2332.tif,0.12,0.2081843388469261,0.392867386939478
YFP_in_CTX,2332.tif,0.16,0.20892448512585815,0.4030892448512586
YFP_in_CTX,2332.tif,0.2,0.2285004828252173,0.3568768105945648
YFP_in_CTX,2332.tif,0.24,0.24243495020880182,0.3295856087375522
YFP_in_CTX,2332.tif,0.28,0.24878294443511834,0.310391136478093
YFP_in_CTX,2332.tif,0.32,0.26025993044114953,0.2972725608639941
YFP_in_CTX,2332.tif,0.36,0.26736191579760527,0.28157589803012745
YFP_in_CTX,2332.tif,0.4,0.2773640167364017,0.25564853556485356
YFP_in_CTX,2332.tif,0.44,0.29246487867177523,0.23073648361004684
YFP_in_CTX,2332.tif,0.48,0.2959585492227979,0.20994818652849742
YFP_in_CTX,2332.tif,0.52,0.3035801645541472,0.2250389148321103
YFP_in_CTX,2332.tif,0.56,0.3140990990990991,0.21734234234234234
YFP_in_CTX,2332.tif,0.6,0.3215568862275449,0.2162104362703165
YFP_in_CTX,2332.tif,0.64,0.34489838675885187,0.19924575738529227
YFP_in_CTX,2332.tif,0.68,0.3335799782372144,0.2324265505984766
YFP_in_CTX,2332.tif,0.72,0.32765878877400295,0.2564623338257016
YFP_in_CTX,2332.tif,0.76,0.37215786373453763,0.1574710386805419
YFP_in_CTX,2332.tif,0.8,0.3714177263237806,0.1582843044220915
YFP_in_CTX,2332.tif,0.84,0.39829679289726405,0.15437579271607174
YFP_in_CTX,2332.tif,0.88,0.4349558184813539,0.1668413958364535
YFP_in_CTX,2332.tif,0.92,0.42537719515211475,0.11649765025970814
YFP_in_CTX,2332.tif,0.96,0.4539661586463459,0.13542541701668068
YFP_in_CTX,2334.tif,0.0,0.0021193293562952365,0.9918432718249438
YFP_in_CTX,2334.tif,0.04,0.192457839618467,0.3880721766065195
YFP_in_CTX,2334.tif,0.08,0.2213343314307102,0.32937213436885937
YFP_in_CTX,2334.tif,0.12,0.2384109377015349,0.2938217464207404
YFP_in_CTX,2334.tif,0.16,0.2557736342819758,0.26071311743539416
YFP_in_CTX,2334.tif,0.2,0.2716663549654012,0.2212455582569665
YFP_in_CTX,2334.tif,0.24,0.2781970649895178,0.2188679245283019
YFP_in_CTX,2334.tif,0.28,0.28563432835820896,0.1984608208955224
YFP_in_CTX,2334.tif,0.32,0.28702326697049657,0.20700407771647877
YFP_in_CTX,2334.tif,0.36,0.28276190476190477,0.24023809523809525
YFP_in_CTX,2334.tif,0.4,0.2969743198576151,0.21459445715738623
YFP_in_CTX,2334.tif,0.44,0.31440173253925285,0.19003789929615592
YFP_in_CTX,2334.tif,0.48,0.31784116331096196,0.1890380313199105
YFP_in_CTX,2334.tif,0.52,0.33551973318510286,0.15619788771539744
YFP_in_CTX,2334.tif,0.56,0.3423822714681441,0.15817174515235458
YFP_in_CTX,2334.tif,0.6,0.3438140806561859,0.12440191387559808
YFP_in_CTX,2334.tif,0.64,0.3434726962457338,0.1296928327645051
YFP_in_CTX,2334.tif,0.68,0.3696505073280722,0.13573844419391207
YFP_in_CTX,2334.tif,0.72,0.41092584466871435,0.13514699429574376
YFP_in_CTX,2334.tif,0.76,0.4033921302578019,0.14495703301673452
YFP_in_CTX,2334.tif,0.8,0.41487348734873486,0.13663366336633664
YFP_in_CTX,2334.tif,0.84,0.4090528414755733,0.1304087736789631
YFP_in_CTX,2334.tif,0.88,0.41170714026821315,0.13863718738673433
YFP_in_CTX,2334.tif,0.92,0.4637551020408164,0.14598639455782314
YFP_in_CTX,2334.tif,0.96,0.4740325865580448,0.1502673116089613
YFP_in_CTX,2341.tif,0.0,0.0031365684130977936,0.9863817921445536
YFP_in_CTX,2341.tif,0.04,0.19012925969447705,0.34497875802223626
YFP_in_CTX,2341.tif,0.08,0.22450735737027794,0.27622407710179847
YFP_in_CTX,2341.tif,0.12,0.24106455001750907,0.2553986226216879
YFP_in_CTX,2341.tif,0.16,0.2523978201634878,0.24196185286103541
YFP_in_CTX,2341.tif,0.2,0.26554541086016337,0.21688290885792086
YFP_in_CTX,2341.tif,0.24,0.2697657526784093,0.21191211185763573
YFP_in_CTX,2341.tif,0.28,0.27745173745173746,0.20405405405405405
YFP_in_CTX,2341.tif,0.32,0.2866430039230338,0.1896133009527368
YFP_in_CTX,2341.tif,0.36,0.29462528387585163,0.18470855412566237
YFP_in_CTX,2341.tif,0.4,0.2975075204125483,0.19553072625698323
YFP_in_CTX,2341.tif,0.44,0.29822989020838003,0.19807304503697065
YFP_in_CTX,2341.tif,0.48,0.29289179497996204,0.18983336848766083
YFP_in_CTX,2341.tif,0.52,0.31641859400045796,0.20242729562628806
YFP_in_CTX,2341.tif,0.56,0.3162167817535049,0.24189160912324753
YFP_in_CTX,2341.tif,0.6,0.3198845182244677,0.18044027426921688
YFP_in_CTX,2341.tif,0.64,0.34726848249027237,0.10132295719844359
YFP_in_CTX,2341.tif,0.68,0.3620700949885359,0.11054700294792008
YFP_in_CTX,2341.tif,0.72,0.34958634043302234,0.13589156838584757
YFP_in_CTX,2341.tif,0.76,0.3666601524330663,0.14813367207348055
YFP_in_CTX,2341.tif,0.8,0.37843575418994413,0.15251396648044693
YFP_in_CTX,2341.tif,0.84,0.3747043363994744,0.18577529566360051
YFP_in_CTX,2341.tif,0.88,0.39691358024691353,0.15544332210998876
YFP_in_CTX,2341.tif,0.92,0.43044678458235364,0.17411307637255904
YFP_in_CTX,2341.tif,0.96,0.46370785019325594,0.10773468390421609
YFP_in_CTX,2340.tif,0.0,0.0024045855875515793,0.9901923496586339
YFP_in_CTX,2340.tif,0.04,0.17322122195311432,0.4259927797833935
YFP_in_CTX,2340.tif,0.08,0.1965138913466643,0.3836489116970448
YFP_in_CTX,2340.tif,0.12,0.21494488592668545,0.3563188925916432
YFP_in_CTX,2340.tif,0.16,0.22170441583835748,0.3415349519309109
YFP_in_CTX,2340.tif,0.2,0.2365513286178551,0.31886828522271077
YFP_in_CTX,2340.tif,0.24,0.24599165385460137,0.308368108939161
YFP_in_CTX,2340.tif,0.28,0.2554112554112554,0.29677729677729675
YFP_in_CTX,2340.tif,0.32,0.27031602708803615,0.2739841986455982
YFP_in_CTX,2340.tif,0.36,0.2942215088282504,0.21428571428571427
YFP_in_CTX,2340.tif,0.4,0.2947279865395401,0.22630398205272015
YFP_in_CTX,2340.tif,0.44,0.2936433195997646,0.2392583872866392
YFP_in_CTX,2340.tif,0.48,0.2793453724604966,0.27793453724604966
YFP_in_CTX,2340.tif,0.52,0.3190389294403893,0.17761557177615572
YFP_in_CTX,2340.tif,0.56,0.3361779945138677,0.14721121609265467
YFP_in_CTX,2340.tif,0.6,0.35026511134676563,0.12460233297985154
YFP_in_CTX,2340.tif,0.64,0.37248306470450826,0.09226816164447559
YFP_in_CTX,2340.tif,0.68,0.3795382746051033,0.09623329283110571
YFP_in_CTX,2340.tif,0.72,0.3871815500134085,0.09573612228479485
YFP_in_CTX,2340.tif,0.76,0.415774930921879,0.07837226827430294
YFP_in_CTX,2340.tif,0.8,0.4168794326241135,0.083451536643026
YFP_in_CTX,2340.tif,0.84,0.42895699908508694,0.09149130832570906
YFP_in_CTX,2340.tif,0.88,0.4298548996223416,0.09222818525144107
YFP_in_CTX,2340.tif,0.92,0.44870190803878635,0.0836721926806381
YFP_in_CTX,2340.tif,0.96,0.48257229380678107,0.09708449617006117
YFP_in_CTX,2342.tif,0.0,0.002383375156017941,0.9936324474530893
YFP_in_CTX,2342.tif,0.04,0.16443333816215175,0.5945241199478487
YFP_in_CTX,2342.tif,0.08,0.18551963419958184,0.5687599090094437
YFP_in_CTX,2342.tif,0.12,0.20493936705116833,0.5292812777284827
YFP_in_CTX,2342.tif,0.16,0.21054340766399657,0.5363715089846287
YFP_in_CTX,2342.tif,0.2,0.22624355275810826,0.5148177288224495
YFP_in_CTX,2342.tif,0.24,0.2410280038908514,0.4830287206266319
YFP_in_CTX,2342.tif,0.28,0.24683760683760683,0.47264957264957264
YFP_in_CTX,2342.tif,0.32,0.27008247288784987,0.4492499512955387
YFP_in_CTX,2342.tif,0.36,0.30296384901648066,0.4262360446570973
YFP_in_CTX,2342.tif,0.4,0.29740212221002565,0.4421514818880351
YFP_in_CTX,2342.tif,0.44,0.2958426132145509,0.4574610244988864
YFP_in_CTX,2342.tif,0.48,0.29369660586469637,0.46109443546525053
YFP_in_CTX,2342.tif,0.52,0.32551020408163267,0.4058673469387755
YFP_in_CTX,2342.tif,0.56,0.3303388090349076,0.39758726899383984
YFP_in_CTX,2342.tif,0.6,0.3441645082803548,0.37037909112314576
YFP_in_CTX,2342.tif,0.64,0.3598366562575066,0.352390103290896
YFP_in_CTX,2342.tif,0.68,0.3687398089913813,0.3666433729326811
YFP_in_CTX,2342.tif,0.72,0.3667058362710537,0.3783783783783784
YFP_in_CTX,2342.tif,0.76,0.394469978842927,0.4075289997811337
YFP_in_CTX,2342.tif,0.8,0.39524907158406974,0.37917787168651557
YFP_in_CTX,2342.tif,0.84,0.4444269273214567,0.335172631247044
YFP_in_CTX,2342.tif,0.88,0.45733878412237905,0.2787814849004352
YFP_in_CTX,2342.tif,0.92,0.49944942582979407,0.30967437470504955
YFP_in_CTX,2342.tif,0.96,0.48137888581101873,0.2935826408125577
YFP_in_CTX,2343.tif,0.0,0.002803852084747481,0.9925673472457001
YFP_in_CTX,2343.tif,0.04,0.19603597100664685,0.5407831814490661
YFP_in_CTX,2343.tif,0.08,0.21943779222260237,0.5095791994526172
YFP_in_CTX,2343.tif,0.12,0.22531174390470876,0.49860413176996093
YFP_in_CTX,2343.tif,0.16,0.2087613797711518,0.5373340015033826
YFP_in_CTX,2343.tif,0.2,0.24170740682331918,0.4751616464280082
YFP_in_CTX,2343.tif,0.24,0.27719860999732693,0.39915797914995993
YFP_in_CTX,2343.tif,0.28,0.2884776483131521,0.39707562257253826
YFP_in_CTX,2343.tif,0.32,0.2988476092191263,0.38235294117647056
YFP_in_CTX,2343.tif,0.36,0.31049986775985194,0.3581063210790796
YFP_in_CTX,2343.tif,0.4,0.32299079609071074,0.3555365784230003
YFP_in_CTX,2343.tif,0.44,0.3160886867538374,0.3669698692438886
YFP_in_CTX,2343.tif,0.48,0.3296951819075713,0.34837758112094397
YFP_in_CTX,2343.tif,0.52,0.3519277235003677,0.32051686101481247
YFP_in_CTX,2343.tif,0.56,0.37199234873653475,0.2878284506191483
YFP_in_CTX,2343.tif,0.6,0.3752971576227391,0.2961240310077519
YFP_in_CTX,2343.tif,0.64,0.4476488023712249,0.23023311703917326
YFP_in_CTX,2343.tif,0.68,0.45581844519555775,0.2213906325446644
YFP_in_CTX,2343.tif,0.72,0.4275717920756089,0.27153762268266085
YFP_in_CTX,2343.tif,0.76,0.4183664219019128,0.28501495784607017
YFP_in_CTX,2343.tif,0.8,0.44642857142857145,0.2622309197651663
YFP_in_CTX,2343.tif,0.84,0.43283120896098887,0.2820393974507532
YFP_in_CTX,2343.tif,0.88,0.44185881013378886,0.2698548249359522
YFP_in_CTX,2343.tif,0.92,0.46880797159060794,0.25441246621084435
YFP_in_CTX,2343.tif,0.96,0.49417949680811113,0.21197897108524222
GFAP_in_HC,2378-3.tif,0.0,0.01585921079506895,0.9563440137573876
GFAP_in_HC,2378-3.tif,0.04,0.1443526170798898,0.6604224058769513
GFAP_in_HC,2378-3.tif,0.08,0.17362217266645427,0.5992354252946799
GFAP_in_HC,2378-3.tif,0.12,0.19039451114922812,0.5746140651801029
GFAP_in_HC,2378-3.tif,0.16,0.1941896024464832,0.5584862385321101
GFAP_in_HC,2378-3.tif,0.2,0.2195633921074727,0.5302267002518891
GFAP_in_HC,2378-3.tif,0.24,0.2323529411764706,0.513235294117647
GFAP_in_HC,2378-3.tif,0.28,0.24769647696476962,0.4861788617886179
GFAP_in_HC,2378-3.tif,0.32,0.25398230088495577,0.4575221238938053
GFAP_in_HC,2378-3.tif,0.36,0.27863577863577865,0.4276061776061776
GFAP_in_HC,2378-3.tif,0.4,0.305668016194332,0.38461538461538464
GFAP_in_HC,2378-3.tif,0.44,0.2893081761006289,0.42452830188679247
GFAP_in_HC,2378-3.tif,0.48,0.29989440337909185,0.43400211193241817
GFAP_in_HC,2378-3.tif,0.52,0.297910024796316,0.4314558979808714
GFAP_in_HC,2378-3.tif,0.56,0.3078324225865209,0.4426229508196721
GFAP_in_HC,2378-3.tif,0.6,0.3058608058608059,0.42747252747252745
GFAP_in_HC,2378-3.tif,0.64,0.3939393939393939,0.3149678604224059
GFAP_in_HC,2378-3.tif,0.68,0.38791423001949316,0.36257309941520466
GFAP_in_HC,2378-3.tif,0.72,0.38996763754045305,0.36310679611650487
GFAP_in_HC,2378-3.tif,0.76,0.4066301703163018,0.3302919708029197
GFAP_in_HC,2378-3.tif,0.8,0.4144377336784585,0.3339085418464193
GFAP_in_HC,2378-3.tif,0.84,0.42321520287621983,0.3073959938366718
GFAP_in_HC,2378-3.tif,0.88,0.4428969359331476,0.3126740947075209
GFAP_in_HC,2378-3.tif,0.92,0.4657925701798622,0.30559757942511345
GFAP_in_HC,2378-3.tif,0.96,0.482381321616266,0.31455156371155335
GFAP_in_HC,2377-0.tif,0.0,0.014832517579027055,0.961163536192436
GFAP_in_HC,2377-0.tif,0.04,0.14248272575649273,0.6568977841315226
GFAP_in_HC,2377-0.tif,0.08,0.16766169154228855,0.6101990049751244
GFAP_in_HC,2377-0.tif,0.12,0.1983646953405018,0.5547715053763441
GFAP_in_HC,2377-0.tif,0.16,0.21495584988962474,0.5256622516556292
GFAP_in_HC,2377-0.tif,0.2,0.22804260520342237,0.5191199580932425
GFAP_in_HC,2377-0.tif,0.24,0.2404339250493097,0.4893491124260355
GFAP_in_HC,2377-0.tif,0.28,0.26557897122139135,0.46702923181509176
GFAP_in_HC,2377-0.tif,0.32,0.2650709219858156,0.46675531914893614
GFAP_in_HC,2377-0.tif,0.36,0.26250619118375434,0.4888558692421991
GFAP_in_HC,2377-0.tif,0.4,0.28737412858249417,0.4407436096049574
GFAP_in_HC,2377-0.tif,0.44,0.28408501814411613,0.4548989113530327
GFAP_in_HC,2377-0.tif,0.48,0.30638953040800615,0.43033102386451116
GFAP_in_HC,2377-0.tif,0.52,0.3246044735406437,0.3960720130932897
GFAP_in_HC,2377-0.tif,0.56,0.32135895293790034,0.4068504594820384
GFAP_in_HC,2377-0.tif,0.6,0.335295766750771,0.4112699747687132
GFAP_in_HC,2377-0.tif,0.64,0.3582049202487159,0.36901865369018655
GFAP_in_HC,2377-0.tif,0.68,0.37681159420289856,0.39294503691550453
GFAP_in_HC,2377-0.tif,0.72,0.38341968911917096,0.37219343696027635
GFAP_in_HC,2377-0.tif,0.76,0.3879472693032015,0.3728813559322034
GFAP_in_HC,2377-0.tif,0.8,0.40472709551656927,0.3654970760233918
GFAP_in_HC,2377-0.tif,0.84,0.4056795131845842,0.3475321162947938
GFAP_in_HC,2377-0.tif,0.88,0.4286612193588938,0.33940917661847897
GFAP_in_HC,2377-0.tif,0.92,0.44707668944570994,0.32164009111617314
GFAP_in_HC,2377-0.tif,0.96,0.47611404112206684,0.31758770924099977
GFAP_in_HC,2376-2.tif,0.0,0.008530827660281425,0.9780199825365303
GFAP_in_HC,2376-2.tif,0.04,0.13717277486910995,0.6820942408376963
GFAP_in_HC,2376-2.tif,0.08,0.1680827484299963,0.6191355744366457
GFAP_in_HC,2376-2.tif,0.12,0.17762167586552935,0.5995985950827898
GFAP_in_HC,2376-2.tif,0.16,0.1983603279344131,0.5704859028194361
GFAP_in_HC,2376-2.tif,0.2,0.22252937111264687,0.5369730476848652
GFAP_in_HC,2376-2.tif,0.24,0.2397278911564626,0.5151020408163265
GFAP_in_HC,2376-2.tif,0.28,0.25815217391304346,0.4954710144927536
GFAP_in_HC,2376-2.tif,0.32,0.2446843310435067,0.5181550539744848
GFAP_in_HC,2376-2.tif,0.36,0.2692563081009296,0.499003984063745
GFAP_in_HC,2376-2.tif,0.4,0.2947845804988662,0.4399092970521542
GFAP_in_HC,2376-2.tif,0.44,0.2792990142387733,0.45673603504928806
GFAP_in_HC,2376-2.tif,0.48,0.28858551384148656,0.46871444823663255
GFAP_in_HC,2376-2.tif,0.52,0.29672006102212056,0.4702517162471396
GFAP_in_HC,2376-2.tif,0.56,0.3247261345852895,0.43309859154929575
GFAP_in_HC,2376-2.tif,0.6,0.3223350253807107,0.4149746192893401
GFAP_in_HC,2376-2.tif,0.64,0.3705482192877151,0.42857142857142855
GFAP_in_HC,2376-2.tif,0.68,0.3590371277029784,0.41982864137086906
GFAP_in_HC,2376-2.tif,0.72,0.3644553644553644,0.39926289926289926
GFAP_in_HC,2376-2.tif,0.76,0.4065891472868217,0.40930232558139534
GFAP_in_HC,2376-2.tif,0.8,0.4071456615626227,0.3910482921083628
GFAP_in_HC,2376-2.tif,0.84,0.42108914325355534,0.3673257023933403
GFAP_in_HC,2376-2.tif,0.88,0.4522912743251727,0.3935969868173258
GFAP_in_HC,2376-2.tif,0.92,0.43792573060865747,0.4034278180619644
GFAP_in_HC,2376-2.tif,0.96,0.4655525238744884,0.3611869031377899
GFAP_in_HC,2376-3.tif,0.0,0.009374926758384697,0.9753830048202748
GFAP_in_HC,2376-3.tif,0.04,0.14589732338745062,0.6483106625713032
GFAP_in_HC,2376-3.tif,0.08,0.16467810091971166,0.6137211036539896
GFAP_in_HC,2376-3.tif,0.12,0.18518518518518517,0.5828460038986355
GFAP_in_HC,2376-3.tif,0.16,0.19027441485068605,0.5684019370460048
GFAP_in_HC,2376-3.tif,0.2,0.21065931541465657,0.5416953824948312
GFAP_in_HC,2376-3.tif,0.24,0.2223120452708165,0.5181891673403395
GFAP_in_HC,2376-3.tif,0.28,0.22402402402402405,0.5171171171171172
GFAP_in_HC,2376-3.tif,0.32,0.2367293109132872,0.49752720079129575
GFAP_in_HC,2376-3.tif,0.36,0.26442634080108623,0.45417515274949083
GFAP_in_HC,2376-3.tif,0.4,0.27284552845528454,0.4351219512195122
GFAP_in_HC,2376-3.tif,0.44,0.2847754654983571,0.4654983570646221
GFAP_in_HC,2376-3.tif,0.48,0.29629629629629634,0.4174454828660436
GFAP_in_HC,2376-3.tif,0.52,0.29548762736535666,0.4344978165938865
GFAP_in_HC,2376-3.tif,0.56,0.3065015479876161,0.40454076367389064
GFAP_in_HC,2376-3.tif,0.6,0.3346747149564051,0.42052313883299797
GFAP_in_HC,2376-3.tif,0.64,0.4188340807174888,0.46905829596412557
GFAP_in_HC,2376-3.tif,0.68,0.3854483925549916,0.42842639593908627
GFAP_in_HC,2376-3.tif,0.72,0.3691870784522541,0.40894568690095845
GFAP_in_HC,2376-3.tif,0.76,0.39309153713298794,0.37409326424870465
GFAP_in_HC,2376-3.tif,0.8,0.4003690036900369,0.3736162361623616
GFAP_in_HC,2376-3.tif,0.84,0.4197324414715719,0.3862876254180602
GFAP_in_HC,2376-3.tif,0.88,0.4190751445086705,0.39234104046242774
GFAP_in_HC,2376-3.tif,0.92,0.42649866361206573,0.3854524627720504
GFAP_in_HC,2376-3.tif,0.96,0.48232942672844553,0.3804851458162987
GFAP_in_HC,2377-2.tif,0.0,0.019887396810032022,0.947035757938689
GFAP_in_HC,2377-2.tif,0.04,0.15811028228755303,0.6385841743454732
GFAP_in_HC,2377-2.tif,0.08,0.1888888888888889,0.6022556390977444
GFAP_in_HC,2377-2.tif,0.12,0.21929824561403508,0.5614035087719298
GFAP_in_HC,2377-2.tif,0.16,0.24512962110753186,0.5177174413253567
GFAP_in_HC,2377-2.tif,0.2,0.2544308111792774,0.5148261758691206
GFAP_in_HC,2377-2.tif,0.24,0.26615293420272673,0.5127445168938944
GFAP_in_HC,2377-2.tif,0.28,0.27320016645859346,0.5205992509363296
GFAP_in_HC,2377-2.tif,0.32,0.2887261429205504,0.47203728362183756
GFAP_in_HC,2377-2.tif,0.36,0.27863707688858996,0.49562878278412914
GFAP_in_HC,2377-2.tif,0.4,0.2946383409205867,0.49165402124430957
GFAP_in_HC,2377-2.tif,0.44,0.3194014447884417,0.47987616099071206
GFAP_in_HC,2377-2.tif,0.48,0.3299050632911392,0.47072784810126583
GFAP_in_HC,2377-2.tif,0.52,0.3339105339105339,0.44415584415584414
GFAP_in_HC,2377-2.tif,0.56,0.3477768337581422,0.4256584536958369
GFAP_in_HC,2377-2.tif,0.6,0.35916258836324094,0.4257748776508972
GFAP_in_HC,2377-2.tif,0.64,0.3561953147050522,0.4123624047417443
GFAP_in_HC,2377-2.tif,0.68,0.3787114845938376,0.4142857142857143
GFAP_in_HC,2377-2.tif,0.72,0.3701923076923077,0.44471153846153844
GFAP_in_HC,2377-2.tif,0.76,0.3913392141138733,0.4081796311146752
GFAP_in_HC,2377-2.tif,0.8,0.40687751004016065,0.4058734939759036
GFAP_in_HC,2377-2.tif,0.84,0.42411642411642414,0.3991683991683992
GFAP_in_HC,2377-2.tif,0.88,0.4240982956797463,0.4239001189060642
GFAP_in_HC,2377-2.tif,0.92,0.4545454545454546,0.3892889288928893
GFAP_in_HC,2377-2.tif,0.96,0.48446174922489,0.39216958684836684
GFAP_in_HC,2375-1.tif,0.0,0.015135777216700227,0.9580163955383681
GFAP_in_HC,2375-1.tif,0.04,0.14286505957328902,0.6453865336658354
GFAP_in_HC,2375-1.tif,0.08,0.16558594117094258,0.6064279672963068
GFAP_in_HC,2375-1.tif,0.12,0.18041634541249035,0.5705474171164225
GFAP_in_HC,2375-1.tif,0.16,0.20368558382257015,0.5357142857142857
GFAP_in_HC,2375-1.tif,0.2,0.2140391254315305,0.5339470655926352
GFAP_in_HC,2375-1.tif,0.24,0.2318200924758302,0.5044136191677175
GFAP_in_HC,2375-1.tif,0.28,0.2514998800095992,0.45932325413966885
GFAP_in_HC,2375-1.tif,0.32,0.2566076469078779,0.4865280985373364
GFAP_in_HC,2375-1.tif,0.36,0.2787209960384833,0.4592529711375212
GFAP_in_HC,2375-1.tif,0.4,0.3053016453382084,0.44515539305301643
GFAP_in_HC,2375-1.tif,0.44,0.29246487867177523,0.4339080459770115
GFAP_in_HC,2375-1.tif,0.48,0.29911816578483247,0.42962962962962964
GFAP_in_HC,2375-1.tif,0.52,0.3189712758851036,0.40380761523046094
GFAP_in_HC,2375-1.tif,0.56,0.3219178082191781,0.410958904109589
GFAP_in_HC,2375-1.tif,0.6,0.3011750154607298,0.44712430426716143
GFAP_in_HC,2375-1.tif,0.64,0.3436669619131975,0.4162976085031001
GFAP_in_HC,2375-1.tif,0.68,0.3711442786069652,0.41492537313432837
GFAP_in_HC,2375-1.tif,0.72,0.38022426095820594,0.3547400611620795
GFAP_in_HC,2375-1.tif,0.76,0.39243498817966904,0.36347517730496454
GFAP_in_HC,2375-1.tif,0.8,0.3896925858951175,0.352622061482821
GFAP_in_HC,2375-1.tif,0.84,0.4010371650821089,0.3759723422644771
GFAP_in_HC,2375-1.tif,0.88,0.4457831325301205,0.3586109142452162
GFAP_in_HC,2375-1.tif,0.92,0.43927927927927934,0.34486486486486484
GFAP_in_HC,2375-1.tif,0.96,0.4762869198312237,0.32759493670886075
GFAP_in_HC,2378-2.tif,0.0,0.02258918228078007,0.9366131663377655
GFAP_in_HC,2378-2.tif,0.04,0.1711622652167773,0.5695523231182037
GFAP_in_HC,2378-2.tif,0.08,0.20014261944378417,0.5227002614689803
GFAP_in_HC,2378-2.tif,0.12,0.22083333333333335,0.4861842105263158
GFAP_in_HC,2378-2.tif,0.16,0.2397588710782299,0.4578709412248253
GFAP_in_HC,2378-2.tif,0.2,0.2498816848083294,0.42214860388073827
GFAP_in_HC,2378-2.tif,0.24,0.25225703664365373,0.4306956983536909
GFAP_in_HC,2378-2.tif,0.28,0.27038123167155426,0.39824046920821116
GFAP_in_HC,2378-2.tif,0.32,0.28286082474226804,0.38466494845360827
GFAP_in_HC,2378-2.tif,0.36,0.27758738862234406,0.3858807402330363
GFAP_in_HC,2378-2.tif,0.4,0.3057733428367783,0.3649322879543835
GFAP_in_HC,2378-2.tif,0.44,0.30257186081694404,0.3835098335854766
GFAP_in_HC,2378-2.tif,0.48,0.3252730109204368,0.38065522620904835
GFAP_in_HC,2378-2.tif,0.52,0.3291828793774319,0.34007782101167316
GFAP_in_HC,2378-2.tif,0.56,0.34424150177574836,0.3203957382039574
GFAP_in_HC,2378-2.tif,0.6,0.3717850776674307,0.32161955691367455
GFAP_in_HC,2378-2.tif,0.64,0.3706686188384578,0.32284040995607616
GFAP_in_HC,2378-2.tif,0.68,0.3895394223263076,0.30601092896174864
GFAP_in_HC,2378-2.tif,0.72,0.3952020202020203,0.2909090909090909
GFAP_in_HC,2378-2.tif,0.76,0.3822695035460993,0.28936170212765955
GFAP_in_HC,2378-2.tif,0.8,0.41928864569083446,0.2811217510259918
GFAP_in_HC,2378-2.tif,0.84,0.4343250354179316,0.2537947783849423
GFAP_in_HC,2378-2.tif,0.88,0.4358974358974359,0.26999490575649515
GFAP_in_HC,2378-2.tif,0.92,0.4723958333333334,0.262109375
GFAP_in_HC,2378-2.tif,0.96,0.49963741841914433,0.27483683828861494
GFAP_in_HC,2375-0.tif,0.0,0.025453481962476123,0.9331815774258371
GFAP_in_HC,2375-0.tif,0.04,0.18600953895071543,0.5848966613672496
GFAP_in_HC,2375-0.tif,0.08,0.2337381154099595,0.5032476701496752
GFAP_in_HC,2375-0.tif,0.12,0.23976396917148365,0.5057803468208093
GFAP_in_HC,2375-0.tif,0.16,0.2699876998769987,0.45156826568265684
GFAP_in_HC,2375-0.tif,0.2,0.27276212382595366,0.46635997699827486
GFAP_in_HC,2375-0.tif,0.24,0.2779532533164877,0.4516740366392925
GFAP_in_HC,2375-0.tif,0.28,0.29096664231799363,0.4594594594594595
GFAP_in_HC,2375-0.tif,0.32,0.30654761904761907,0.43005952380952384
GFAP_in_HC,2375-0.tif,0.36,0.3137254901960784,0.41830065359477125
GFAP_in_HC,2375-0.tif,0.4,0.3289902280130293,0.4193811074918567
GFAP_in_HC,2375-0.tif,0.44,0.3260748185371301,0.4045226130653266
GFAP_in_HC,2375-0.tif,0.48,0.32224993072873376,0.3873649210307564
GFAP_in_HC,2375-0.tif,0.52,0.3410388127853881,0.3861301369863014
GFAP_in_HC,2375-0.tif,0.56,0.3660071942446043,0.3642086330935252
GFAP_in_HC,2375-0.tif,0.6,0.3559228650137741,0.3752066115702479
GFAP_in_HC,2375-0.tif,0.64,0.3680496754163139,0.3988145639288738
GFAP_in_HC,2375-0.tif,0.68,0.37507196315486474,0.37132987910189985
GFAP_in_HC,2375-0.tif,0.72,0.38727272727272727,0.3881818181818182
GFAP_in_HC,2375-0.tif,0.76,0.41036779611931656,0.40747176368375326
GFAP_in_HC,2375-0.tif,0.8,0.4104534973097617,0.377401998462721
GFAP_in_HC,2375-0.tif,0.84,0.43651354534746767,0.36537102473498234
GFAP_in_HC,2375-0.tif,0.88,0.4328614328614329,0.3764478764478765
GFAP_in_HC,2375-0.tif,0.92,0.46669980119284293,0.36083499005964215
GFAP_in_HC,2375-0.tif,0.96,0.4807511737089202,0.352112676056338
