idx,dataset,method,repetition,repetition_name,mean_average_precision,average_precision_at_iou_50,expert_min,expert_mean,expert_max,expert_comparison
1237,PV_in_HC,cellpose,1,cyto,0.55714285,0.8,0.5625,0.7901984214782715,0.9428571462631226,below worst expert
1237,PV_in_HC,cellpose,2,cyto,0.55714285,0.8,0.5625,0.7901984214782715,0.9428571462631226,below worst expert
1237,PV_in_HC,cellpose,3,cyto,0.55714285,0.8,0.5625,0.7901984214782715,0.9428571462631226,below worst expert
1283,PV_in_HC,cellpose,1,cyto,0.36580086,0.45454547,0.3907308280467987,0.5018249750137329,0.6097727417945862,below worst expert
1283,PV_in_HC,cellpose,2,cyto,0.36580086,0.45454547,0.3907308280467987,0.5018249750137329,0.6097727417945862,below worst expert
1283,PV_in_HC,cellpose,3,cyto,0.36580086,0.45454547,0.3907308280467987,0.5018249750137329,0.6097727417945862,below worst expert
1377,PV_in_HC,cellpose,1,cyto,0.51187277,0.65789473,0.5100749731063843,0.6450718998908996,0.7491787075996399,in expert range
1377,PV_in_HC,cellpose,2,cyto,0.51187277,0.65789473,0.5100749731063843,0.6450718998908996,0.7491787075996399,in expert range
1377,PV_in_HC,cellpose,3,cyto,0.51187277,0.65789473,0.5100749731063843,0.6450718998908996,0.7491787075996399,in expert range
1385,PV_in_HC,cellpose,1,cyto,0.24545455,0.27272728,0.6166666746139526,0.7913333296775817,0.9199999570846558,below worst expert
1385,PV_in_HC,cellpose,2,cyto,0.24545455,0.27272728,0.6166666746139526,0.7913333296775817,0.9199999570846558,below worst expert
1385,PV_in_HC,cellpose,3,cyto,0.24545455,0.27272728,0.6166666746139526,0.7913333296775817,0.9199999570846558,below worst expert
1418,PV_in_HC,cellpose,1,cyto,0.6103968,0.8333333,0.6315997242927551,0.7157982587814331,0.788036048412323,below worst expert
1418,PV_in_HC,cellpose,2,cyto,0.6103968,0.8333333,0.6315997242927551,0.7157982587814331,0.788036048412323,below worst expert
1418,PV_in_HC,cellpose,3,cyto,0.6103968,0.8333333,0.6315997242927551,0.7157982587814331,0.788036048412323,below worst expert
1444,PV_in_HC,cellpose,1,cyto,0.7776557,0.9047619,0.5321488976478577,0.7330443859100342,0.8920634388923645,in expert range
1444,PV_in_HC,cellpose,2,cyto,0.7776557,0.9047619,0.5321488976478577,0.7330443859100342,0.8920634388923645,in expert range
1444,PV_in_HC,cellpose,3,cyto,0.7776557,0.9047619,0.5321488976478577,0.7330443859100342,0.8920634388923645,in expert range
1582,PV_in_HC,cellpose,1,cyto,0.630554,0.78571427,0.6227884888648987,0.696508276462555,0.7572388052940369,in expert range
1582,PV_in_HC,cellpose,2,cyto,0.630554,0.78571427,0.6227884888648987,0.696508276462555,0.7572388052940369,in expert range
1582,PV_in_HC,cellpose,3,cyto,0.630554,0.78571427,0.6227884888648987,0.696508276462555,0.7572388052940369,in expert range
1599,PV_in_HC,cellpose,1,cyto,0.62727743,0.9,0.6471375226974487,0.6920498967170715,0.7567505836486816,below worst expert
1599,PV_in_HC,cellpose,2,cyto,0.62727743,0.9,0.6471375226974487,0.6920498967170715,0.7567505836486816,below worst expert
1599,PV_in_HC,cellpose,3,cyto,0.62727743,0.9,0.6471375226974487,0.6920498967170715,0.7567505836486816,below worst expert
1237,PV_in_HC,cellpose_single,1,1,0.7777778,1.0,0.5625,0.7901984214782715,0.9428571462631226,in expert range
1237,PV_in_HC,cellpose_single,2,2,0.72063494,1.0,0.5625,0.7901984214782715,0.9428571462631226,in expert range
1237,PV_in_HC,cellpose_single,3,3,0.42385393,0.5555556,0.5625,0.7901984214782715,0.9428571462631226,below worst expert
1283,PV_in_HC,cellpose_single,1,1,0.40949678,0.54545456,0.3907308280467987,0.5018249750137329,0.6097727417945862,in expert range
1283,PV_in_HC,cellpose_single,2,2,0.39280388,0.54545456,0.3907308280467987,0.5018249750137329,0.6097727417945862,in expert range
1283,PV_in_HC,cellpose_single,3,3,0.38572055,0.54545456,0.3907308280467987,0.5018249750137329,0.6097727417945862,below worst expert
1377,PV_in_HC,cellpose_single,1,1,0.42688543,0.6363636,0.5100749731063843,0.6450718998908996,0.7491787075996399,below worst expert
1377,PV_in_HC,cellpose_single,2,2,0.52702457,0.7352941,0.5100749731063843,0.6450718998908996,0.7491787075996399,in expert range
1377,PV_in_HC,cellpose_single,3,3,0.5602154,0.7647059,0.5100749731063843,0.6450718998908996,0.7491787075996399,in expert range
1385,PV_in_HC,cellpose_single,1,1,0.66999996,1.0,0.6166666746139526,0.7913333296775817,0.9199999570846558,in expert range
1385,PV_in_HC,cellpose_single,2,2,0.7,1.0,0.6166666746139526,0.7913333296775817,0.9199999570846558,in expert range
1385,PV_in_HC,cellpose_single,3,3,0.75,1.0,0.6166666746139526,0.7913333296775817,0.9199999570846558,in expert range
1418,PV_in_HC,cellpose_single,1,1,0.66107434,0.9166667,0.6315997242927551,0.7157982587814331,0.788036048412323,in expert range
1418,PV_in_HC,cellpose_single,2,2,0.6234652,0.9444444,0.6315997242927551,0.7157982587814331,0.788036048412323,below worst expert
1418,PV_in_HC,cellpose_single,3,3,0.65297997,0.8888889,0.6315997242927551,0.7157982587814331,0.788036048412323,in expert range
1444,PV_in_HC,cellpose_single,1,1,0.76553446,1.0,0.5321488976478577,0.7330443859100342,0.8920634388923645,in expert range
1444,PV_in_HC,cellpose_single,2,2,0.7327986,1.0,0.5321488976478577,0.7330443859100342,0.8920634388923645,in expert range
1444,PV_in_HC,cellpose_single,3,3,0.737769,0.95238096,0.5321488976478577,0.7330443859100342,0.8920634388923645,in expert range
1582,PV_in_HC,cellpose_single,1,1,0.6500138,0.9166667,0.6227884888648987,0.696508276462555,0.7572388052940369,in expert range
1582,PV_in_HC,cellpose_single,2,2,0.6686658,0.9166667,0.6227884888648987,0.696508276462555,0.7572388052940369,in expert range
1582,PV_in_HC,cellpose_single,3,3,0.67828125,0.9166667,0.6227884888648987,0.696508276462555,0.7572388052940369,in expert range
1599,PV_in_HC,cellpose_single,1,1,0.5707888,0.8095238,0.6471375226974487,0.6920498967170715,0.7567505836486816,below worst expert
1599,PV_in_HC,cellpose_single,2,2,0.5634221,0.7619048,0.6471375226974487,0.6920498967170715,0.7567505836486816,below worst expert
1599,PV_in_HC,cellpose_single,3,3,0.57882863,0.9,0.6471375226974487,0.6920498967170715,0.7567505836486816,below worst expert
1237,PV_in_HC,cellpose_ensemble,1,1,0.7539683,1.0,0.5625,0.7901984214782715,0.9428571462631226,in expert range
1237,PV_in_HC,cellpose_ensemble,2,2,0.45972222,0.5714286,0.5625,0.7901984214782715,0.9428571462631226,below worst expert
1237,PV_in_HC,cellpose_ensemble,3,3,0.8111111,1.0,0.5625,0.7901984214782715,0.9428571462631226,in expert range
1283,PV_in_HC,cellpose_ensemble,1,1,0.39661798,0.54545456,0.3907308280467987,0.5018249750137329,0.6097727417945862,in expert range
1283,PV_in_HC,cellpose_ensemble,2,2,0.4165801,0.54545456,0.3907308280467987,0.5018249750137329,0.6097727417945862,in expert range
1283,PV_in_HC,cellpose_ensemble,3,3,0.4165801,0.54545456,0.3907308280467987,0.5018249750137329,0.6097727417945862,in expert range
1377,PV_in_HC,cellpose_ensemble,1,1,0.5221156,0.7647059,0.5100749731063843,0.6450718998908996,0.7491787075996399,in expert range
1377,PV_in_HC,cellpose_ensemble,2,2,0.54956037,0.7941176,0.5100749731063843,0.6450718998908996,0.7491787075996399,in expert range
1377,PV_in_HC,cellpose_ensemble,3,3,0.5405366,0.7647059,0.5100749731063843,0.6450718998908996,0.7491787075996399,in expert range
1385,PV_in_HC,cellpose_ensemble,1,1,0.75,1.0,0.6166666746139526,0.7913333296775817,0.9199999570846558,in expert range
1385,PV_in_HC,cellpose_ensemble,2,2,0.71999997,1.0,0.6166666746139526,0.7913333296775817,0.9199999570846558,in expert range
1385,PV_in_HC,cellpose_ensemble,3,3,0.8,1.0,0.6166666746139526,0.7913333296775817,0.9199999570846558,in expert range
1418,PV_in_HC,cellpose_ensemble,1,1,0.6278943,0.81578946,0.6315997242927551,0.7157982587814331,0.788036048412323,below worst expert
1418,PV_in_HC,cellpose_ensemble,2,2,0.6310636,0.84210527,0.6315997242927551,0.7157982587814331,0.788036048412323,below worst expert
1418,PV_in_HC,cellpose_ensemble,3,3,0.63706577,0.8648649,0.6315997242927551,0.7157982587814331,0.788036048412323,in expert range
1444,PV_in_HC,cellpose_ensemble,1,1,0.7338864,0.95238096,0.5321488976478577,0.7330443859100342,0.8920634388923645,in expert range
1444,PV_in_HC,cellpose_ensemble,2,2,0.763961,1.0,0.5321488976478577,0.7330443859100342,0.8920634388923645,in expert range
1444,PV_in_HC,cellpose_ensemble,3,3,0.7795085,1.0,0.5321488976478577,0.7330443859100342,0.8920634388923645,in expert range
1582,PV_in_HC,cellpose_ensemble,1,1,0.6680676,0.9166667,0.6227884888648987,0.696508276462555,0.7572388052940369,in expert range
1582,PV_in_HC,cellpose_ensemble,2,2,0.67573416,0.9166667,0.6227884888648987,0.696508276462555,0.7572388052940369,in expert range
1582,PV_in_HC,cellpose_ensemble,3,3,0.6763155,0.9166667,0.6227884888648987,0.696508276462555,0.7572388052940369,in expert range
1599,PV_in_HC,cellpose_ensemble,1,1,0.57882863,0.9,0.6471375226974487,0.6920498967170715,0.7567505836486816,below worst expert
1599,PV_in_HC,cellpose_ensemble,2,2,0.58243144,0.85714287,0.6471375226974487,0.6920498967170715,0.7567505836486816,below worst expert
1599,PV_in_HC,cellpose_ensemble,3,3,0.58909947,0.9,0.6471375226974487,0.6920498967170715,0.7567505836486816,below worst expert
1237,PV_in_HC,unet_2019,1,1,0.53829366,0.8333333,0.5625,0.7901984214782715,0.9428571462631226,below worst expert
1237,PV_in_HC,unet_2019,2,2,0.53829366,0.8333333,0.5625,0.7901984214782715,0.9428571462631226,below worst expert
1237,PV_in_HC,unet_2019,3,3,0.52738094,0.8333333,0.5625,0.7901984214782715,0.9428571462631226,below worst expert
1283,PV_in_HC,unet_2019,1,1,0.24368592,0.41666666,0.3907308280467987,0.5018249750137329,0.6097727417945862,below worst expert
1283,PV_in_HC,unet_2019,2,2,0.17713371,0.41666666,0.3907308280467987,0.5018249750137329,0.6097727417945862,below worst expert
1283,PV_in_HC,unet_2019,3,3,0.30255747,0.6,0.3907308280467987,0.5018249750137329,0.6097727417945862,below worst expert
1377,PV_in_HC,unet_2019,1,1,0.48422828,0.7941176,0.5100749731063843,0.6450718998908996,0.7491787075996399,below worst expert
1377,PV_in_HC,unet_2019,2,2,0.4055286,0.7027027,0.5100749731063843,0.6450718998908996,0.7491787075996399,below worst expert
1377,PV_in_HC,unet_2019,3,3,0.48282713,0.8235294,0.5100749731063843,0.6450718998908996,0.7491787075996399,below worst expert
1385,PV_in_HC,unet_2019,1,1,0.8,1.0,0.6166666746139526,0.7913333296775817,0.9199999570846558,in expert range
1385,PV_in_HC,unet_2019,2,2,0.8,1.0,0.6166666746139526,0.7913333296775817,0.9199999570846558,in expert range
1385,PV_in_HC,unet_2019,3,3,0.8,1.0,0.6166666746139526,0.7913333296775817,0.9199999570846558,in expert range
1418,PV_in_HC,unet_2019,1,1,0.5855709,0.9189189,0.6315997242927551,0.7157982587814331,0.788036048412323,below worst expert
1418,PV_in_HC,unet_2019,2,2,0.5709523,0.9459459,0.6315997242927551,0.7157982587814331,0.788036048412323,below worst expert
1418,PV_in_HC,unet_2019,3,3,0.59605336,0.9189189,0.6315997242927551,0.7157982587814331,0.788036048412323,below worst expert
1444,PV_in_HC,unet_2019,1,1,0.6094084,0.8636364,0.5321488976478577,0.7330443859100342,0.8920634388923645,in expert range
1444,PV_in_HC,unet_2019,2,2,0.6184619,1.0,0.5321488976478577,0.7330443859100342,0.8920634388923645,in expert range
1444,PV_in_HC,unet_2019,3,3,0.6428247,0.8636364,0.5321488976478577,0.7330443859100342,0.8920634388923645,in expert range
1582,PV_in_HC,unet_2019,1,1,0.57720196,0.9166667,0.6227884888648987,0.696508276462555,0.7572388052940369,below worst expert
1582,PV_in_HC,unet_2019,2,2,0.5190837,0.9166667,0.6227884888648987,0.696508276462555,0.7572388052940369,below worst expert
1582,PV_in_HC,unet_2019,3,3,0.5938171,0.9583333,0.6227884888648987,0.696508276462555,0.7572388052940369,below worst expert
1599,PV_in_HC,unet_2019,1,1,0.5733751,0.9,0.6471375226974487,0.6920498967170715,0.7567505836486816,below worst expert
1599,PV_in_HC,unet_2019,2,2,0.5515154,0.9,0.6471375226974487,0.6920498967170715,0.7567505836486816,below worst expert
1599,PV_in_HC,unet_2019,3,3,0.6124901,0.9,0.6471375226974487,0.6920498967170715,0.7567505836486816,below worst expert
1237,PV_in_HC,nnunet,1,1,0.54444444,0.625,0.5625,0.7901984214782715,0.9428571462631226,below worst expert
1237,PV_in_HC,nnunet,2,2,0.60476196,0.71428573,0.5625,0.7901984214782715,0.9428571462631226,in expert range
1237,PV_in_HC,nnunet,3,3,0.54444444,0.625,0.5625,0.7901984214782715,0.9428571462631226,below worst expert
1283,PV_in_HC,nnunet,1,1,0.37131494,0.54545456,0.3907308280467987,0.5018249750137329,0.6097727417945862,below worst expert
1283,PV_in_HC,nnunet,2,2,0.38419372,0.54545456,0.3907308280467987,0.5018249750137329,0.6097727417945862,below worst expert
1283,PV_in_HC,nnunet,3,3,0.43493837,0.6,0.3907308280467987,0.5018249750137329,0.6097727417945862,in expert range
1377,PV_in_HC,nnunet,1,1,0.51202786,0.74285716,0.5100749731063843,0.6450718998908996,0.7491787075996399,in expert range
1377,PV_in_HC,nnunet,2,2,0.52945703,0.7647059,0.5100749731063843,0.6450718998908996,0.7491787075996399,in expert range
1377,PV_in_HC,nnunet,3,3,0.5150844,0.71428573,0.5100749731063843,0.6450718998908996,0.7491787075996399,in expert range
1385,PV_in_HC,nnunet,1,1,0.85,1.0,0.6166666746139526,0.7913333296775817,0.9199999570846558,in expert range
1385,PV_in_HC,nnunet,2,2,0.85,1.0,0.6166666746139526,0.7913333296775817,0.9199999570846558,in expert range
1385,PV_in_HC,nnunet,3,3,0.85,1.0,0.6166666746139526,0.7913333296775817,0.9199999570846558,in expert range
1418,PV_in_HC,nnunet,1,1,0.69869703,0.9722222,0.6315997242927551,0.7157982587814331,0.788036048412323,in expert range
1418,PV_in_HC,nnunet,2,2,0.6960511,0.9189189,0.6315997242927551,0.7157982587814331,0.788036048412323,in expert range
1418,PV_in_HC,nnunet,3,3,0.69450134,0.9189189,0.6315997242927551,0.7157982587814331,0.788036048412323,in expert range
1444,PV_in_HC,nnunet,1,1,0.7565503,0.95238096,0.5321488976478577,0.7330443859100342,0.8920634388923645,in expert range
1444,PV_in_HC,nnunet,2,2,0.7565503,0.95238096,0.5321488976478577,0.7330443859100342,0.8920634388923645,in expert range
1444,PV_in_HC,nnunet,3,3,0.7540503,0.95238096,0.5321488976478577,0.7330443859100342,0.8920634388923645,in expert range
1582,PV_in_HC,nnunet,1,1,0.7291158,0.9583333,0.6227884888648987,0.696508276462555,0.7572388052940369,in expert range
1582,PV_in_HC,nnunet,2,2,0.7358109,0.9583333,0.6227884888648987,0.696508276462555,0.7572388052940369,in expert range
1582,PV_in_HC,nnunet,3,3,0.7174342,0.9583333,0.6227884888648987,0.696508276462555,0.7572388052940369,in expert range
1599,PV_in_HC,nnunet,1,1,0.65065217,0.8095238,0.6471375226974487,0.6920498967170715,0.7567505836486816,in expert range
1599,PV_in_HC,nnunet,2,2,0.6157038,0.77272725,0.6471375226974487,0.6920498967170715,0.7567505836486816,below worst expert
1599,PV_in_HC,nnunet,3,3,0.64376813,0.8095238,0.6471375226974487,0.6920498967170715,0.7567505836486816,below worst expert
1237,PV_in_HC,deepflash2_random,1,1,0.64305556,0.8333333,0.5625,0.7901984214782715,0.9428571462631226,in expert range
1237,PV_in_HC,deepflash2_random,2,2,0.61686504,0.8333333,0.5625,0.7901984214782715,0.9428571462631226,in expert range
1237,PV_in_HC,deepflash2_random,3,3,0.64305556,0.8333333,0.5625,0.7901984214782715,0.9428571462631226,in expert range
1283,PV_in_HC,deepflash2_random,1,1,0.27714568,0.375,0.3907308280467987,0.5018249750137329,0.6097727417945862,below worst expert
1283,PV_in_HC,deepflash2_random,2,2,0.255301,0.3529412,0.3907308280467987,0.5018249750137329,0.6097727417945862,below worst expert
1283,PV_in_HC,deepflash2_random,3,3,0.3057423,0.42857143,0.3907308280467987,0.5018249750137329,0.6097727417945862,below worst expert
1377,PV_in_HC,deepflash2_random,1,1,0.5492586,0.82857144,0.5100749731063843,0.6450718998908996,0.7491787075996399,in expert range
1377,PV_in_HC,deepflash2_random,2,2,0.5769663,0.85294116,0.5100749731063843,0.6450718998908996,0.7491787075996399,in expert range
1377,PV_in_HC,deepflash2_random,3,3,0.588209,0.88235295,0.5100749731063843,0.6450718998908996,0.7491787075996399,in expert range
1385,PV_in_HC,deepflash2_random,1,1,0.675,0.75,0.6166666746139526,0.7913333296775817,0.9199999570846558,in expert range
1385,PV_in_HC,deepflash2_random,2,2,0.675,0.75,0.6166666746139526,0.7913333296775817,0.9199999570846558,in expert range
1385,PV_in_HC,deepflash2_random,3,3,0.675,0.75,0.6166666746139526,0.7913333296775817,0.9199999570846558,in expert range
1418,PV_in_HC,deepflash2_random,1,1,0.6702465,0.92105263,0.6315997242927551,0.7157982587814331,0.788036048412323,in expert range
1418,PV_in_HC,deepflash2_random,2,2,0.66834223,0.92105263,0.6315997242927551,0.7157982587814331,0.788036048412323,in expert range
1418,PV_in_HC,deepflash2_random,3,3,0.6545868,0.8974359,0.6315997242927551,0.7157982587814331,0.788036048412323,in expert range
1444,PV_in_HC,deepflash2_random,1,1,0.7158643,0.95238096,0.5321488976478577,0.7330443859100342,0.8920634388923645,in expert range
1444,PV_in_HC,deepflash2_random,2,2,0.7199159,0.90909094,0.5321488976478577,0.7330443859100342,0.8920634388923645,in expert range
1444,PV_in_HC,deepflash2_random,3,3,0.70969915,0.90909094,0.5321488976478577,0.7330443859100342,0.8920634388923645,in expert range
1582,PV_in_HC,deepflash2_random,1,1,0.64593995,0.92,0.6227884888648987,0.696508276462555,0.7572388052940369,in expert range
1582,PV_in_HC,deepflash2_random,2,2,0.64251626,0.92,0.6227884888648987,0.696508276462555,0.7572388052940369,in expert range
1582,PV_in_HC,deepflash2_random,3,3,0.6747011,0.92,0.6227884888648987,0.696508276462555,0.7572388052940369,in expert range
1599,PV_in_HC,deepflash2_random,1,1,0.6544352,0.9047619,0.6471375226974487,0.6920498967170715,0.7567505836486816,in expert range
1599,PV_in_HC,deepflash2_random,2,2,0.64571726,0.9047619,0.6471375226974487,0.6920498967170715,0.7567505836486816,below worst expert
1599,PV_in_HC,deepflash2_random,3,3,0.6662792,0.9047619,0.6471375226974487,0.6920498967170715,0.7567505836486816,in expert range
1237,PV_in_HC,deepflash2,1,1,0.61385286,0.71428573,0.5625,0.7901984214782715,0.9428571462631226,in expert range
1237,PV_in_HC,deepflash2,2,2,0.6976191,0.8333333,0.5625,0.7901984214782715,0.9428571462631226,in expert range
1237,PV_in_HC,deepflash2,3,3,0.6214286,0.71428573,0.5625,0.7901984214782715,0.9428571462631226,in expert range
1283,PV_in_HC,deepflash2,1,1,0.46519485,0.6,0.3907308280467987,0.5018249750137329,0.6097727417945862,in expert range
1283,PV_in_HC,deepflash2,2,2,0.46519485,0.6,0.3907308280467987,0.5018249750137329,0.6097727417945862,in expert range
1283,PV_in_HC,deepflash2,3,3,0.46519485,0.6,0.3907308280467987,0.5018249750137329,0.6097727417945862,in expert range
1377,PV_in_HC,deepflash2,1,1,0.64720434,0.88235295,0.5100749731063843,0.6450718998908996,0.7491787075996399,in expert range
1377,PV_in_HC,deepflash2,2,2,0.6620573,0.93939394,0.5100749731063843,0.6450718998908996,0.7491787075996399,in expert range
1377,PV_in_HC,deepflash2,3,3,0.66109097,0.85294116,0.5100749731063843,0.6450718998908996,0.7491787075996399,in expert range
1385,PV_in_HC,deepflash2,1,1,0.9,1.0,0.6166666746139526,0.7913333296775817,0.9199999570846558,in expert range
1385,PV_in_HC,deepflash2,2,2,0.9,1.0,0.6166666746139526,0.7913333296775817,0.9199999570846558,in expert range
1385,PV_in_HC,deepflash2,3,3,0.675,0.75,0.6166666746139526,0.7913333296775817,0.9199999570846558,in expert range
1418,PV_in_HC,deepflash2,1,1,0.7464579,0.9459459,0.6315997242927551,0.7157982587814331,0.788036048412323,in expert range
1418,PV_in_HC,deepflash2,2,2,0.7408315,0.9459459,0.6315997242927551,0.7157982587814331,0.788036048412323,in expert range
1418,PV_in_HC,deepflash2,3,3,0.73769563,0.9459459,0.6315997242927551,0.7157982587814331,0.788036048412323,in expert range
1444,PV_in_HC,deepflash2,1,1,0.7840075,0.95238096,0.5321488976478577,0.7330443859100342,0.8920634388923645,in expert range
1444,PV_in_HC,deepflash2,2,2,0.7964843,0.95238096,0.5321488976478577,0.7330443859100342,0.8920634388923645,in expert range
1444,PV_in_HC,deepflash2,3,3,0.7890568,0.95238096,0.5321488976478577,0.7330443859100342,0.8920634388923645,in expert range
1582,PV_in_HC,deepflash2,1,1,0.71243393,0.88,0.6227884888648987,0.696508276462555,0.7572388052940369,in expert range
1582,PV_in_HC,deepflash2,2,2,0.7414209,0.9166667,0.6227884888648987,0.696508276462555,0.7572388052940369,in expert range
1582,PV_in_HC,deepflash2,3,3,0.7377625,0.9583333,0.6227884888648987,0.696508276462555,0.7572388052940369,in expert range
1599,PV_in_HC,deepflash2,1,1,0.65505093,0.8181818,0.6471375226974487,0.6920498967170715,0.7567505836486816,in expert range
1599,PV_in_HC,deepflash2,2,2,0.6670937,0.85714287,0.6471375226974487,0.6920498967170715,0.7567505836486816,in expert range
1599,PV_in_HC,deepflash2,3,3,0.66229564,0.95238096,0.6471375226974487,0.6920498967170715,0.7567505836486816,in expert range
1237,cFOS_in_HC,cellpose,1,cyto2,0.1810451,0.28846154,0.1793700009584427,0.2995908707380295,0.4019233584403991,in expert range
1237,cFOS_in_HC,cellpose,2,cyto2,0.1810451,0.28846154,0.1793700009584427,0.2995908707380295,0.4019233584403991,in expert range
1237,cFOS_in_HC,cellpose,3,cyto2,0.1810451,0.28846154,0.1793700009584427,0.2995908707380295,0.4019233584403991,in expert range
1283,cFOS_in_HC,cellpose,1,cyto2,0.57021415,0.7903226,0.4804230332374573,0.5314675331115722,0.5914366841316223,in expert range
1283,cFOS_in_HC,cellpose,2,cyto2,0.57021415,0.7903226,0.4804230332374573,0.5314675331115722,0.5914366841316223,in expert range
1283,cFOS_in_HC,cellpose,3,cyto2,0.57021415,0.7903226,0.4804230332374573,0.5314675331115722,0.5914366841316223,in expert range
1377,cFOS_in_HC,cellpose,1,cyto2,0.22861043,0.33333334,0.1774868071079254,0.3113987028598785,0.4288974702358246,in expert range
1377,cFOS_in_HC,cellpose,2,cyto2,0.22861043,0.33333334,0.1774868071079254,0.3113987028598785,0.4288974702358246,in expert range
1377,cFOS_in_HC,cellpose,3,cyto2,0.22861043,0.33333334,0.1774868071079254,0.3113987028598785,0.4288974702358246,in expert range
1385,cFOS_in_HC,cellpose,1,cyto2,0.41084462,0.61538464,0.4851681590080261,0.5054792940616608,0.5245562195777893,below worst expert
1385,cFOS_in_HC,cellpose,2,cyto2,0.41084462,0.61538464,0.4851681590080261,0.5054792940616608,0.5245562195777893,below worst expert
1385,cFOS_in_HC,cellpose,3,cyto2,0.41084462,0.61538464,0.4851681590080261,0.5054792940616608,0.5245562195777893,below worst expert
1418,cFOS_in_HC,cellpose,1,cyto2,0.23078549,0.3448276,0.1879209876060485,0.34217594861984246,0.5579797625541687,in expert range
1418,cFOS_in_HC,cellpose,2,cyto2,0.23078549,0.3448276,0.1879209876060485,0.34217594861984246,0.5579797625541687,in expert range
1418,cFOS_in_HC,cellpose,3,cyto2,0.23078549,0.3448276,0.1879209876060485,0.34217594861984246,0.5579797625541687,in expert range
1444,cFOS_in_HC,cellpose,1,cyto2,0.23608895,0.41379312,0.2180138081312179,0.2707730650901794,0.3618175387382507,in expert range
1444,cFOS_in_HC,cellpose,2,cyto2,0.23608895,0.41379312,0.2180138081312179,0.2707730650901794,0.3618175387382507,in expert range
1444,cFOS_in_HC,cellpose,3,cyto2,0.23608895,0.41379312,0.2180138081312179,0.2707730650901794,0.3618175387382507,in expert range
1582,cFOS_in_HC,cellpose,1,cyto2,0.14741202,0.23809524,0.1565476208925247,0.3289126604795456,0.4280568659305572,below worst expert
1582,cFOS_in_HC,cellpose,2,cyto2,0.14741202,0.23809524,0.1565476208925247,0.3289126604795456,0.4280568659305572,below worst expert
1582,cFOS_in_HC,cellpose,3,cyto2,0.14741202,0.23809524,0.1565476208925247,0.3289126604795456,0.4280568659305572,below worst expert
1599,cFOS_in_HC,cellpose,1,cyto2,0.14292352,0.20689656,0.1044762730598449,0.2666469067335129,0.4154863953590393,in expert range
1599,cFOS_in_HC,cellpose,2,cyto2,0.14292352,0.20689656,0.1044762730598449,0.2666469067335129,0.4154863953590393,in expert range
1599,cFOS_in_HC,cellpose,3,cyto2,0.14292352,0.20689656,0.1044762730598449,0.2666469067335129,0.4154863953590393,in expert range
1237,cFOS_in_HC,cellpose_single,1,1,0.27829927,0.62931037,0.1793700009584427,0.2995908707380295,0.4019233584403991,in expert range
1237,cFOS_in_HC,cellpose_single,2,2,0.27247578,0.63793105,0.1793700009584427,0.2995908707380295,0.4019233584403991,in expert range
1237,cFOS_in_HC,cellpose_single,3,3,0.2923738,0.6434783,0.1793700009584427,0.2995908707380295,0.4019233584403991,in expert range
1283,cFOS_in_HC,cellpose_single,1,1,0.52511084,0.8769231,0.4804230332374573,0.5314675331115722,0.5914366841316223,in expert range
1283,cFOS_in_HC,cellpose_single,2,2,0.47865152,0.8028169,0.4804230332374573,0.5314675331115722,0.5914366841316223,below worst expert
1283,cFOS_in_HC,cellpose_single,3,3,0.47701678,0.8142857,0.4804230332374573,0.5314675331115722,0.5914366841316223,below worst expert
1377,cFOS_in_HC,cellpose_single,1,1,0.22333816,0.45454547,0.1774868071079254,0.3113987028598785,0.4288974702358246,in expert range
1377,cFOS_in_HC,cellpose_single,2,2,0.16441919,0.36363637,0.1774868071079254,0.3113987028598785,0.4288974702358246,below worst expert
1377,cFOS_in_HC,cellpose_single,3,3,0.2743792,0.5681818,0.1774868071079254,0.3113987028598785,0.4288974702358246,in expert range
1385,cFOS_in_HC,cellpose_single,1,1,0.4411006,0.8947368,0.4851681590080261,0.5054792940616608,0.5245562195777893,below worst expert
1385,cFOS_in_HC,cellpose_single,2,2,0.4524916,0.85,0.4851681590080261,0.5054792940616608,0.5245562195777893,below worst expert
1385,cFOS_in_HC,cellpose_single,3,3,0.4021356,0.78571427,0.4851681590080261,0.5054792940616608,0.5245562195777893,below worst expert
1418,cFOS_in_HC,cellpose_single,1,1,0.33179837,0.625,0.1879209876060485,0.34217594861984246,0.5579797625541687,in expert range
1418,cFOS_in_HC,cellpose_single,2,2,0.343594,0.67741936,0.1879209876060485,0.34217594861984246,0.5579797625541687,in expert range
1418,cFOS_in_HC,cellpose_single,3,3,0.34485722,0.6451613,0.1879209876060485,0.34217594861984246,0.5579797625541687,in expert range
1444,cFOS_in_HC,cellpose_single,1,1,0.25045815,0.5,0.2180138081312179,0.2707730650901794,0.3618175387382507,in expert range
1444,cFOS_in_HC,cellpose_single,2,2,0.29683095,0.6388889,0.2180138081312179,0.2707730650901794,0.3618175387382507,in expert range
1444,cFOS_in_HC,cellpose_single,3,3,0.3032837,0.5833333,0.2180138081312179,0.2707730650901794,0.3618175387382507,in expert range
1582,cFOS_in_HC,cellpose_single,1,1,0.32320017,0.77272725,0.1565476208925247,0.3289126604795456,0.4280568659305572,in expert range
1582,cFOS_in_HC,cellpose_single,2,2,0.3283784,0.77272725,0.1565476208925247,0.3289126604795456,0.4280568659305572,in expert range
1582,cFOS_in_HC,cellpose_single,3,3,0.37284887,0.75,0.1565476208925247,0.3289126604795456,0.4280568659305572,in expert range
1599,cFOS_in_HC,cellpose_single,1,1,0.24076688,0.5483871,0.1044762730598449,0.2666469067335129,0.4154863953590393,in expert range
1599,cFOS_in_HC,cellpose_single,2,2,0.23207755,0.4848485,0.1044762730598449,0.2666469067335129,0.4154863953590393,in expert range
1599,cFOS_in_HC,cellpose_single,3,3,0.2510342,0.5625,0.1044762730598449,0.2666469067335129,0.4154863953590393,in expert range
1237,cFOS_in_HC,cellpose_ensemble,1,1,0.29013103,0.62931037,0.1793700009584427,0.2995908707380295,0.4019233584403991,in expert range
1237,cFOS_in_HC,cellpose_ensemble,2,2,0.2810076,0.5966387,0.1793700009584427,0.2995908707380295,0.4019233584403991,in expert range
1237,cFOS_in_HC,cellpose_ensemble,3,3,0.28960198,0.6465517,0.1793700009584427,0.2995908707380295,0.4019233584403991,in expert range
1283,cFOS_in_HC,cellpose_ensemble,1,1,0.47760957,0.8142857,0.4804230332374573,0.5314675331115722,0.5914366841316223,below worst expert
1283,cFOS_in_HC,cellpose_ensemble,2,2,0.4664592,0.7916667,0.4804230332374573,0.5314675331115722,0.5914366841316223,below worst expert
1283,cFOS_in_HC,cellpose_ensemble,3,3,0.47819632,0.7777778,0.4804230332374573,0.5314675331115722,0.5914366841316223,below worst expert
1377,cFOS_in_HC,cellpose_ensemble,1,1,0.27214295,0.5714286,0.1774868071079254,0.3113987028598785,0.4288974702358246,in expert range
1377,cFOS_in_HC,cellpose_ensemble,2,2,0.28318876,0.5813953,0.1774868071079254,0.3113987028598785,0.4288974702358246,in expert range
1377,cFOS_in_HC,cellpose_ensemble,3,3,0.27427387,0.5813953,0.1774868071079254,0.3113987028598785,0.4288974702358246,in expert range
1385,cFOS_in_HC,cellpose_ensemble,1,1,0.42838296,0.825,0.4851681590080261,0.5054792940616608,0.5245562195777893,below worst expert
1385,cFOS_in_HC,cellpose_ensemble,2,2,0.44222036,0.825,0.4851681590080261,0.5054792940616608,0.5245562195777893,below worst expert
1385,cFOS_in_HC,cellpose_ensemble,3,3,0.48568773,0.875,0.4851681590080261,0.5054792940616608,0.5245562195777893,in expert range
1418,cFOS_in_HC,cellpose_ensemble,1,1,0.34249827,0.6451613,0.1879209876060485,0.34217594861984246,0.5579797625541687,in expert range
1418,cFOS_in_HC,cellpose_ensemble,2,2,0.34828874,0.76666665,0.1879209876060485,0.34217594861984246,0.5579797625541687,in expert range
1418,cFOS_in_HC,cellpose_ensemble,3,3,0.34705925,0.7419355,0.1879209876060485,0.34217594861984246,0.5579797625541687,in expert range
1444,cFOS_in_HC,cellpose_ensemble,1,1,0.30225748,0.5675676,0.2180138081312179,0.2707730650901794,0.3618175387382507,in expert range
1444,cFOS_in_HC,cellpose_ensemble,2,2,0.31848222,0.6111111,0.2180138081312179,0.2707730650901794,0.3618175387382507,in expert range
1444,cFOS_in_HC,cellpose_ensemble,3,3,0.31029478,0.5945946,0.2180138081312179,0.2707730650901794,0.3618175387382507,in expert range
1582,cFOS_in_HC,cellpose_ensemble,1,1,0.40618294,0.8181818,0.1565476208925247,0.3289126604795456,0.4280568659305572,in expert range
1582,cFOS_in_HC,cellpose_ensemble,2,2,0.39386693,0.7826087,0.1565476208925247,0.3289126604795456,0.4280568659305572,in expert range
1582,cFOS_in_HC,cellpose_ensemble,3,3,0.37938884,0.8181818,0.1565476208925247,0.3289126604795456,0.4280568659305572,in expert range
1599,cFOS_in_HC,cellpose_ensemble,1,1,0.24995434,0.5,0.1044762730598449,0.2666469067335129,0.4154863953590393,in expert range
1599,cFOS_in_HC,cellpose_ensemble,2,2,0.2708197,0.56666666,0.1044762730598449,0.2666469067335129,0.4154863953590393,in expert range
1599,cFOS_in_HC,cellpose_ensemble,3,3,0.26763552,0.58064514,0.1044762730598449,0.2666469067335129,0.4154863953590393,in expert range
1237,cFOS_in_HC,unet_2019,1,1,0.19372396,0.43055555,0.1793700009584427,0.2995908707380295,0.4019233584403991,in expert range
1237,cFOS_in_HC,unet_2019,2,2,0.21214178,0.45925927,0.1793700009584427,0.2995908707380295,0.4019233584403991,in expert range
1237,cFOS_in_HC,unet_2019,3,3,0.21370244,0.47142857,0.1793700009584427,0.2995908707380295,0.4019233584403991,in expert range
1283,cFOS_in_HC,unet_2019,1,1,0.45647946,0.7051282,0.4804230332374573,0.5314675331115722,0.5914366841316223,below worst expert
1283,cFOS_in_HC,unet_2019,2,2,0.46118218,0.6835443,0.4804230332374573,0.5314675331115722,0.5914366841316223,below worst expert
1283,cFOS_in_HC,unet_2019,3,3,0.4648582,0.71428573,0.4804230332374573,0.5314675331115722,0.5914366841316223,below worst expert
1377,cFOS_in_HC,unet_2019,1,1,0.35654277,0.67346936,0.1774868071079254,0.3113987028598785,0.4288974702358246,in expert range
1377,cFOS_in_HC,unet_2019,2,2,0.3621692,0.7111111,0.1774868071079254,0.3113987028598785,0.4288974702358246,in expert range
1377,cFOS_in_HC,unet_2019,3,3,0.32124248,0.6862745,0.1774868071079254,0.3113987028598785,0.4288974702358246,in expert range
1385,cFOS_in_HC,unet_2019,1,1,0.39599496,0.6530612,0.4851681590080261,0.5054792940616608,0.5245562195777893,below worst expert
1385,cFOS_in_HC,unet_2019,2,2,0.44432822,0.7111111,0.4851681590080261,0.5054792940616608,0.5245562195777893,below worst expert
1385,cFOS_in_HC,unet_2019,3,3,0.42777175,0.73913044,0.4851681590080261,0.5054792940616608,0.5245562195777893,below worst expert
1418,cFOS_in_HC,unet_2019,1,1,0.24809507,0.5217391,0.1879209876060485,0.34217594861984246,0.5579797625541687,in expert range
1418,cFOS_in_HC,unet_2019,2,2,0.26027197,0.5555556,0.1879209876060485,0.34217594861984246,0.5579797625541687,in expert range
1418,cFOS_in_HC,unet_2019,3,3,0.23965868,0.44230768,0.1879209876060485,0.34217594861984246,0.5579797625541687,in expert range
1444,cFOS_in_HC,unet_2019,1,1,0.22009954,0.48979592,0.2180138081312179,0.2707730650901794,0.3618175387382507,in expert range
1444,cFOS_in_HC,unet_2019,2,2,0.28298563,0.5116279,0.2180138081312179,0.2707730650901794,0.3618175387382507,in expert range
1444,cFOS_in_HC,unet_2019,3,3,0.22461922,0.46,0.2180138081312179,0.2707730650901794,0.3618175387382507,in expert range
1582,cFOS_in_HC,unet_2019,1,1,0.31598398,0.5625,0.1565476208925247,0.3289126604795456,0.4280568659305572,in expert range
1582,cFOS_in_HC,unet_2019,2,2,0.35102513,0.64285713,0.1565476208925247,0.3289126604795456,0.4280568659305572,in expert range
1582,cFOS_in_HC,unet_2019,3,3,0.26459652,0.4722222,0.1565476208925247,0.3289126604795456,0.4280568659305572,in expert range
1599,cFOS_in_HC,unet_2019,1,1,0.16902296,0.3902439,0.1044762730598449,0.2666469067335129,0.4154863953590393,in expert range
1599,cFOS_in_HC,unet_2019,2,2,0.21610019,0.4054054,0.1044762730598449,0.2666469067335129,0.4154863953590393,in expert range
1599,cFOS_in_HC,unet_2019,3,3,0.21503384,0.5,0.1044762730598449,0.2666469067335129,0.4154863953590393,in expert range
1237,cFOS_in_HC,nnunet,1,1,0.27239075,0.5,0.1793700009584427,0.2995908707380295,0.4019233584403991,in expert range
1237,cFOS_in_HC,nnunet,2,2,0.27953628,0.5294118,0.1793700009584427,0.2995908707380295,0.4019233584403991,in expert range
1237,cFOS_in_HC,nnunet,3,3,0.2614837,0.5169492,0.1793700009584427,0.2995908707380295,0.4019233584403991,in expert range
1283,cFOS_in_HC,nnunet,1,1,0.54931325,0.8484849,0.4804230332374573,0.5314675331115722,0.5914366841316223,in expert range
1283,cFOS_in_HC,nnunet,2,2,0.5463851,0.8358209,0.4804230332374573,0.5314675331115722,0.5914366841316223,in expert range
1283,cFOS_in_HC,nnunet,3,3,0.54831177,0.8358209,0.4804230332374573,0.5314675331115722,0.5914366841316223,in expert range
1377,cFOS_in_HC,nnunet,1,1,0.409324,0.65,0.1774868071079254,0.3113987028598785,0.4288974702358246,in expert range
1377,cFOS_in_HC,nnunet,2,2,0.40729585,0.6585366,0.1774868071079254,0.3113987028598785,0.4288974702358246,in expert range
1377,cFOS_in_HC,nnunet,3,3,0.4026893,0.63414633,0.1774868071079254,0.3113987028598785,0.4288974702358246,in expert range
1385,cFOS_in_HC,nnunet,1,1,0.4636299,0.8717949,0.4851681590080261,0.5054792940616608,0.5245562195777893,below worst expert
1385,cFOS_in_HC,nnunet,2,2,0.45084077,0.85,0.4851681590080261,0.5054792940616608,0.5245562195777893,below worst expert
1385,cFOS_in_HC,nnunet,3,3,0.47446877,0.8717949,0.4851681590080261,0.5054792940616608,0.5245562195777893,below worst expert
1418,cFOS_in_HC,nnunet,1,1,0.29741722,0.6,0.1879209876060485,0.34217594861984246,0.5579797625541687,in expert range
1418,cFOS_in_HC,nnunet,2,2,0.32530132,0.6060606,0.1879209876060485,0.34217594861984246,0.5579797625541687,in expert range
1418,cFOS_in_HC,nnunet,3,3,0.27711788,0.5277778,0.1879209876060485,0.34217594861984246,0.5579797625541687,in expert range
1444,cFOS_in_HC,nnunet,1,1,0.32488096,0.5714286,0.2180138081312179,0.2707730650901794,0.3618175387382507,in expert range
1444,cFOS_in_HC,nnunet,2,2,0.3117807,0.5555556,0.2180138081312179,0.2707730650901794,0.3618175387382507,in expert range
1444,cFOS_in_HC,nnunet,3,3,0.33528948,0.5833333,0.2180138081312179,0.2707730650901794,0.3618175387382507,in expert range
1582,cFOS_in_HC,nnunet,1,1,0.3810907,0.76,0.1565476208925247,0.3289126604795456,0.4280568659305572,in expert range
1582,cFOS_in_HC,nnunet,2,2,0.39599603,0.6923077,0.1565476208925247,0.3289126604795456,0.4280568659305572,in expert range
1582,cFOS_in_HC,nnunet,3,3,0.35746357,0.64285713,0.1565476208925247,0.3289126604795456,0.4280568659305572,in expert range
1599,cFOS_in_HC,nnunet,1,1,0.24404922,0.46875,0.1044762730598449,0.2666469067335129,0.4154863953590393,in expert range
1599,cFOS_in_HC,nnunet,2,2,0.24762526,0.4375,0.1044762730598449,0.2666469067335129,0.4154863953590393,in expert range
1599,cFOS_in_HC,nnunet,3,3,0.2699692,0.48387095,0.1044762730598449,0.2666469067335129,0.4154863953590393,in expert range
1237,cFOS_in_HC,deepflash2_random,1,1,0.29692638,0.6147541,0.1793700009584427,0.2995908707380295,0.4019233584403991,in expert range
1237,cFOS_in_HC,deepflash2_random,2,2,0.30123407,0.6333333,0.1793700009584427,0.2995908707380295,0.4019233584403991,in expert range
1237,cFOS_in_HC,deepflash2_random,3,3,0.29974782,0.6229508,0.1793700009584427,0.2995908707380295,0.4019233584403991,in expert range
1283,cFOS_in_HC,deepflash2_random,1,1,0.5265085,0.7808219,0.4804230332374573,0.5314675331115722,0.5914366841316223,in expert range
1283,cFOS_in_HC,deepflash2_random,2,2,0.53306085,0.8055556,0.4804230332374573,0.5314675331115722,0.5914366841316223,in expert range
1283,cFOS_in_HC,deepflash2_random,3,3,0.52283096,0.79452056,0.4804230332374573,0.5314675331115722,0.5914366841316223,in expert range
1377,cFOS_in_HC,deepflash2_random,1,1,0.31545332,0.6136364,0.1774868071079254,0.3113987028598785,0.4288974702358246,in expert range
1377,cFOS_in_HC,deepflash2_random,2,2,0.30560753,0.6136364,0.1774868071079254,0.3113987028598785,0.4288974702358246,in expert range
1377,cFOS_in_HC,deepflash2_random,3,3,0.3058377,0.6,0.1774868071079254,0.3113987028598785,0.4288974702358246,in expert range
1385,cFOS_in_HC,deepflash2_random,1,1,0.49651322,0.79545456,0.4851681590080261,0.5054792940616608,0.5245562195777893,in expert range
1385,cFOS_in_HC,deepflash2_random,2,2,0.4898553,0.79545456,0.4851681590080261,0.5054792940616608,0.5245562195777893,in expert range
1385,cFOS_in_HC,deepflash2_random,3,3,0.5012725,0.8372093,0.4851681590080261,0.5054792940616608,0.5245562195777893,in expert range
1418,cFOS_in_HC,deepflash2_random,1,1,0.33547238,0.6388889,0.1879209876060485,0.34217594861984246,0.5579797625541687,in expert range
1418,cFOS_in_HC,deepflash2_random,2,2,0.3303229,0.6388889,0.1879209876060485,0.34217594861984246,0.5579797625541687,in expert range
1418,cFOS_in_HC,deepflash2_random,3,3,0.31789654,0.6216216,0.1879209876060485,0.34217594861984246,0.5579797625541687,in expert range
1444,cFOS_in_HC,deepflash2_random,1,1,0.25474668,0.47619048,0.2180138081312179,0.2707730650901794,0.3618175387382507,in expert range
1444,cFOS_in_HC,deepflash2_random,2,2,0.22889432,0.42222223,0.2180138081312179,0.2707730650901794,0.3618175387382507,in expert range
1444,cFOS_in_HC,deepflash2_random,3,3,0.2528164,0.44186047,0.2180138081312179,0.2707730650901794,0.3618175387382507,in expert range
1582,cFOS_in_HC,deepflash2_random,1,1,0.32639366,0.55172414,0.1565476208925247,0.3289126604795456,0.4280568659305572,in expert range
1582,cFOS_in_HC,deepflash2_random,2,2,0.31136638,0.55172414,0.1565476208925247,0.3289126604795456,0.4280568659305572,in expert range
1582,cFOS_in_HC,deepflash2_random,3,3,0.32096586,0.60714287,0.1565476208925247,0.3289126604795456,0.4280568659305572,in expert range
1599,cFOS_in_HC,deepflash2_random,1,1,0.222662,0.47058824,0.1044762730598449,0.2666469067335129,0.4154863953590393,in expert range
1599,cFOS_in_HC,deepflash2_random,2,2,0.20638335,0.3783784,0.1044762730598449,0.2666469067335129,0.4154863953590393,in expert range
1599,cFOS_in_HC,deepflash2_random,3,3,0.20560488,0.3888889,0.1044762730598449,0.2666469067335129,0.4154863953590393,in expert range
1237,cFOS_in_HC,deepflash2,1,1,0.31111968,0.61290324,0.1793700009584427,0.2995908707380295,0.4019233584403991,in expert range
1237,cFOS_in_HC,deepflash2,2,2,0.3198316,0.63414633,0.1793700009584427,0.2995908707380295,0.4019233584403991,in expert range
1237,cFOS_in_HC,deepflash2,3,3,0.30766815,0.6111111,0.1793700009584427,0.2995908707380295,0.4019233584403991,in expert range
1283,cFOS_in_HC,deepflash2,1,1,0.5854359,0.7916667,0.4804230332374573,0.5314675331115722,0.5914366841316223,in expert range
1283,cFOS_in_HC,deepflash2,2,2,0.5685302,0.7808219,0.4804230332374573,0.5314675331115722,0.5914366841316223,in expert range
1283,cFOS_in_HC,deepflash2,3,3,0.57871807,0.7916667,0.4804230332374573,0.5314675331115722,0.5914366841316223,in expert range
1377,cFOS_in_HC,deepflash2,1,1,0.38780344,0.6904762,0.1774868071079254,0.3113987028598785,0.4288974702358246,in expert range
1377,cFOS_in_HC,deepflash2,2,2,0.38137463,0.7111111,0.1774868071079254,0.3113987028598785,0.4288974702358246,in expert range
1377,cFOS_in_HC,deepflash2,3,3,0.37450403,0.6888889,0.1774868071079254,0.3113987028598785,0.4288974702358246,in expert range
1385,cFOS_in_HC,deepflash2,1,1,0.60776794,0.9736842,0.4851681590080261,0.5054792940616608,0.5245562195777893,above best expert
1385,cFOS_in_HC,deepflash2,2,2,0.5779212,0.9,0.4851681590080261,0.5054792940616608,0.5245562195777893,above best expert
1385,cFOS_in_HC,deepflash2,3,3,0.59204113,0.94871795,0.4851681590080261,0.5054792940616608,0.5245562195777893,above best expert
1418,cFOS_in_HC,deepflash2,1,1,0.3635718,0.6764706,0.1879209876060485,0.34217594861984246,0.5579797625541687,in expert range
1418,cFOS_in_HC,deepflash2,2,2,0.39765602,0.72727275,0.1879209876060485,0.34217594861984246,0.5579797625541687,in expert range
1418,cFOS_in_HC,deepflash2,3,3,0.3854914,0.72727275,0.1879209876060485,0.34217594861984246,0.5579797625541687,in expert range
1444,cFOS_in_HC,deepflash2,1,1,0.28554258,0.47619048,0.2180138081312179,0.2707730650901794,0.3618175387382507,in expert range
1444,cFOS_in_HC,deepflash2,2,2,0.30107749,0.575,0.2180138081312179,0.2707730650901794,0.3618175387382507,in expert range
1444,cFOS_in_HC,deepflash2,3,3,0.28763562,0.52380955,0.2180138081312179,0.2707730650901794,0.3618175387382507,in expert range
1582,cFOS_in_HC,deepflash2,1,1,0.4916904,0.7916667,0.1565476208925247,0.3289126604795456,0.4280568659305572,above best expert
1582,cFOS_in_HC,deepflash2,2,2,0.4953038,0.7916667,0.1565476208925247,0.3289126604795456,0.4280568659305572,above best expert
1582,cFOS_in_HC,deepflash2,3,3,0.4926292,0.7916667,0.1565476208925247,0.3289126604795456,0.4280568659305572,above best expert
1599,cFOS_in_HC,deepflash2,1,1,0.26891536,0.5151515,0.1044762730598449,0.2666469067335129,0.4154863953590393,in expert range
1599,cFOS_in_HC,deepflash2,2,2,0.28147745,0.5151515,0.1044762730598449,0.2666469067335129,0.4154863953590393,in expert range
1599,cFOS_in_HC,deepflash2,3,3,0.25595134,0.47058824,0.1044762730598449,0.2666469067335129,0.4154863953590393,in expert range
2354,mScarlet_in_PAG,cellpose,1,cyto2,0.15793656,0.2753623,0.4647617936134338,0.5393187999725342,0.6221598982810974,below worst expert
2354,mScarlet_in_PAG,cellpose,2,cyto2,0.15793656,0.2753623,0.4647617936134338,0.5393187999725342,0.6221598982810974,below worst expert
2354,mScarlet_in_PAG,cellpose,3,cyto2,0.15793656,0.2753623,0.4647617936134338,0.5393187999725342,0.6221598982810974,below worst expert
2355,mScarlet_in_PAG,cellpose,1,cyto2,0.066357285,0.13240418,0.459306538105011,0.4892372965812683,0.5222039818763733,below worst expert
2355,mScarlet_in_PAG,cellpose,2,cyto2,0.066357285,0.13240418,0.459306538105011,0.4892372965812683,0.5222039818763733,below worst expert
2355,mScarlet_in_PAG,cellpose,3,cyto2,0.066357285,0.13240418,0.459306538105011,0.4892372965812683,0.5222039818763733,below worst expert
2359,mScarlet_in_PAG,cellpose,1,cyto2,0.08220577,0.19075145,0.3417434096336365,0.37485169172286986,0.4012244343757629,below worst expert
2359,mScarlet_in_PAG,cellpose,2,cyto2,0.08220577,0.19075145,0.3417434096336365,0.37485169172286986,0.4012244343757629,below worst expert
2359,mScarlet_in_PAG,cellpose,3,cyto2,0.08220577,0.19075145,0.3417434096336365,0.37485169172286986,0.4012244343757629,below worst expert
2363,mScarlet_in_PAG,cellpose,1,cyto2,0.14959796,0.2416357,0.3301322162151336,0.47809209674596786,0.5955353379249573,below worst expert
2363,mScarlet_in_PAG,cellpose,2,cyto2,0.14959796,0.2416357,0.3301322162151336,0.47809209674596786,0.5955353379249573,below worst expert
2363,mScarlet_in_PAG,cellpose,3,cyto2,0.14959796,0.2416357,0.3301322162151336,0.47809209674596786,0.5955353379249573,below worst expert
2364,mScarlet_in_PAG,cellpose,1,cyto2,0.18095568,0.28181818,0.3989275693893432,0.49625473469495773,0.6297957301139832,below worst expert
2364,mScarlet_in_PAG,cellpose,2,cyto2,0.18095568,0.28181818,0.3989275693893432,0.49625473469495773,0.6297957301139832,below worst expert
2364,mScarlet_in_PAG,cellpose,3,cyto2,0.18095568,0.28181818,0.3989275693893432,0.49625473469495773,0.6297957301139832,below worst expert
2365,mScarlet_in_PAG,cellpose,1,cyto2,0.10891242,0.18828452,0.4565333724021911,0.48014465719461435,0.5362949967384338,below worst expert
2365,mScarlet_in_PAG,cellpose,2,cyto2,0.10891242,0.18828452,0.4565333724021911,0.48014465719461435,0.5362949967384338,below worst expert
2365,mScarlet_in_PAG,cellpose,3,cyto2,0.10891242,0.18828452,0.4565333724021911,0.48014465719461435,0.5362949967384338,below worst expert
2366,mScarlet_in_PAG,cellpose,1,cyto2,0.31372607,0.46031746,0.4272132813930511,0.46713629364967346,0.520592212677002,below worst expert
2366,mScarlet_in_PAG,cellpose,2,cyto2,0.31372607,0.46031746,0.4272132813930511,0.46713629364967346,0.520592212677002,below worst expert
2366,mScarlet_in_PAG,cellpose,3,cyto2,0.31372607,0.46031746,0.4272132813930511,0.46713629364967346,0.520592212677002,below worst expert
2368,mScarlet_in_PAG,cellpose,1,cyto2,0.08239647,0.12903225,0.4843691289424896,0.5278349444270134,0.5577811002731323,below worst expert
2368,mScarlet_in_PAG,cellpose,2,cyto2,0.08239647,0.12903225,0.4843691289424896,0.5278349444270134,0.5577811002731323,below worst expert
2368,mScarlet_in_PAG,cellpose,3,cyto2,0.08239647,0.12903225,0.4843691289424896,0.5278349444270134,0.5577811002731323,below worst expert
2354,mScarlet_in_PAG,cellpose_single,1,1,0.47461683,0.7063492,0.4647617936134338,0.5393187999725342,0.6221598982810974,in expert range
2354,mScarlet_in_PAG,cellpose_single,2,2,0.48218274,0.7154471,0.4647617936134338,0.5393187999725342,0.6221598982810974,in expert range
2354,mScarlet_in_PAG,cellpose_single,3,3,0.46823674,0.73170733,0.4647617936134338,0.5393187999725342,0.6221598982810974,in expert range
2355,mScarlet_in_PAG,cellpose_single,1,1,0.40624133,0.6507937,0.459306538105011,0.4892372965812683,0.5222039818763733,below worst expert
2355,mScarlet_in_PAG,cellpose_single,2,2,0.3907406,0.66935486,0.459306538105011,0.4892372965812683,0.5222039818763733,below worst expert
2355,mScarlet_in_PAG,cellpose_single,3,3,0.4072072,0.6744186,0.459306538105011,0.4892372965812683,0.5222039818763733,below worst expert
2359,mScarlet_in_PAG,cellpose_single,1,1,0.32785222,0.57236844,0.3417434096336365,0.37485169172286986,0.4012244343757629,below worst expert
2359,mScarlet_in_PAG,cellpose_single,2,2,0.31267643,0.59859157,0.3417434096336365,0.37485169172286986,0.4012244343757629,below worst expert
2359,mScarlet_in_PAG,cellpose_single,3,3,0.31110892,0.5660377,0.3417434096336365,0.37485169172286986,0.4012244343757629,below worst expert
2363,mScarlet_in_PAG,cellpose_single,1,1,0.42021903,0.6666667,0.3301322162151336,0.47809209674596786,0.5955353379249573,in expert range
2363,mScarlet_in_PAG,cellpose_single,2,2,0.40762433,0.65189874,0.3301322162151336,0.47809209674596786,0.5955353379249573,in expert range
2363,mScarlet_in_PAG,cellpose_single,3,3,0.42123985,0.6964286,0.3301322162151336,0.47809209674596786,0.5955353379249573,in expert range
2364,mScarlet_in_PAG,cellpose_single,1,1,0.4168766,0.7285714,0.3989275693893432,0.49625473469495773,0.6297957301139832,in expert range
2364,mScarlet_in_PAG,cellpose_single,2,2,0.44072706,0.729927,0.3989275693893432,0.49625473469495773,0.6297957301139832,in expert range
2364,mScarlet_in_PAG,cellpose_single,3,3,0.43549705,0.68345326,0.3989275693893432,0.49625473469495773,0.6297957301139832,in expert range
2365,mScarlet_in_PAG,cellpose_single,1,1,0.41001645,0.6171875,0.4565333724021911,0.48014465719461435,0.5362949967384338,below worst expert
2365,mScarlet_in_PAG,cellpose_single,2,2,0.42879072,0.6230769,0.4565333724021911,0.48014465719461435,0.5362949967384338,below worst expert
2365,mScarlet_in_PAG,cellpose_single,3,3,0.43707067,0.664,0.4565333724021911,0.48014465719461435,0.5362949967384338,below worst expert
2366,mScarlet_in_PAG,cellpose_single,1,1,0.3842124,0.622449,0.4272132813930511,0.46713629364967346,0.520592212677002,below worst expert
2366,mScarlet_in_PAG,cellpose_single,2,2,0.40752277,0.6363636,0.4272132813930511,0.46713629364967346,0.520592212677002,below worst expert
2366,mScarlet_in_PAG,cellpose_single,3,3,0.3979257,0.6701031,0.4272132813930511,0.46713629364967346,0.520592212677002,below worst expert
2368,mScarlet_in_PAG,cellpose_single,1,1,0.46086413,0.6826923,0.4843691289424896,0.5278349444270134,0.5577811002731323,below worst expert
2368,mScarlet_in_PAG,cellpose_single,2,2,0.42471346,0.6796116,0.4843691289424896,0.5278349444270134,0.5577811002731323,below worst expert
2368,mScarlet_in_PAG,cellpose_single,3,3,0.47578844,0.7378641,0.4843691289424896,0.5278349444270134,0.5577811002731323,below worst expert
2354,mScarlet_in_PAG,cellpose_ensemble,1,1,0.46476132,0.6929134,0.4647617936134338,0.5393187999725342,0.6221598982810974,below worst expert
2354,mScarlet_in_PAG,cellpose_ensemble,2,2,0.47979394,0.728,0.4647617936134338,0.5393187999725342,0.6221598982810974,in expert range
2354,mScarlet_in_PAG,cellpose_ensemble,3,3,0.47050887,0.6984127,0.4647617936134338,0.5393187999725342,0.6221598982810974,in expert range
2355,mScarlet_in_PAG,cellpose_ensemble,1,1,0.4198402,0.712,0.459306538105011,0.4892372965812683,0.5222039818763733,below worst expert
2355,mScarlet_in_PAG,cellpose_ensemble,2,2,0.42091125,0.7258065,0.459306538105011,0.4892372965812683,0.5222039818763733,below worst expert
2355,mScarlet_in_PAG,cellpose_ensemble,3,3,0.42162824,0.733871,0.459306538105011,0.4892372965812683,0.5222039818763733,below worst expert
2359,mScarlet_in_PAG,cellpose_ensemble,1,1,0.36345902,0.6438356,0.3417434096336365,0.37485169172286986,0.4012244343757629,in expert range
2359,mScarlet_in_PAG,cellpose_ensemble,2,2,0.35735968,0.6225166,0.3417434096336365,0.37485169172286986,0.4012244343757629,in expert range
2359,mScarlet_in_PAG,cellpose_ensemble,3,3,0.34142986,0.6357616,0.3417434096336365,0.37485169172286986,0.4012244343757629,below worst expert
2363,mScarlet_in_PAG,cellpose_ensemble,1,1,0.42782202,0.69375,0.3301322162151336,0.47809209674596786,0.5955353379249573,in expert range
2363,mScarlet_in_PAG,cellpose_ensemble,2,2,0.41792804,0.6566265,0.3301322162151336,0.47809209674596786,0.5955353379249573,in expert range
2363,mScarlet_in_PAG,cellpose_ensemble,3,3,0.4451974,0.7037037,0.3301322162151336,0.47809209674596786,0.5955353379249573,in expert range
2364,mScarlet_in_PAG,cellpose_ensemble,1,1,0.44497967,0.7132353,0.3989275693893432,0.49625473469495773,0.6297957301139832,in expert range
2364,mScarlet_in_PAG,cellpose_ensemble,2,2,0.4527875,0.7259259,0.3989275693893432,0.49625473469495773,0.6297957301139832,in expert range
2364,mScarlet_in_PAG,cellpose_ensemble,3,3,0.4436922,0.7238806,0.3989275693893432,0.49625473469495773,0.6297957301139832,in expert range
2365,mScarlet_in_PAG,cellpose_ensemble,1,1,0.433033,0.6507937,0.4565333724021911,0.48014465719461435,0.5362949967384338,below worst expert
2365,mScarlet_in_PAG,cellpose_ensemble,2,2,0.4167282,0.627907,0.4565333724021911,0.48014465719461435,0.5362949967384338,below worst expert
2365,mScarlet_in_PAG,cellpose_ensemble,3,3,0.427836,0.66129035,0.4565333724021911,0.48014465719461435,0.5362949967384338,below worst expert
2366,mScarlet_in_PAG,cellpose_ensemble,1,1,0.41361934,0.6262626,0.4272132813930511,0.46713629364967346,0.520592212677002,below worst expert
2366,mScarlet_in_PAG,cellpose_ensemble,2,2,0.42131153,0.6666667,0.4272132813930511,0.46713629364967346,0.520592212677002,below worst expert
2366,mScarlet_in_PAG,cellpose_ensemble,3,3,0.45519322,0.69473684,0.4272132813930511,0.46713629364967346,0.520592212677002,in expert range
2368,mScarlet_in_PAG,cellpose_ensemble,1,1,0.47441787,0.7019231,0.4843691289424896,0.5278349444270134,0.5577811002731323,below worst expert
2368,mScarlet_in_PAG,cellpose_ensemble,2,2,0.47598547,0.7171717,0.4843691289424896,0.5278349444270134,0.5577811002731323,below worst expert
2368,mScarlet_in_PAG,cellpose_ensemble,3,3,0.46731624,0.7184466,0.4843691289424896,0.5278349444270134,0.5577811002731323,below worst expert
2354,mScarlet_in_PAG,unet_2019,1,1,0.4026023,0.66935486,0.4647617936134338,0.5393187999725342,0.6221598982810974,below worst expert
2354,mScarlet_in_PAG,unet_2019,2,2,0.40638724,0.675,0.4647617936134338,0.5393187999725342,0.6221598982810974,below worst expert
2354,mScarlet_in_PAG,unet_2019,3,3,0.3960158,0.6363636,0.4647617936134338,0.5393187999725342,0.6221598982810974,below worst expert
2355,mScarlet_in_PAG,unet_2019,1,1,0.343855,0.590604,0.459306538105011,0.4892372965812683,0.5222039818763733,below worst expert
2355,mScarlet_in_PAG,unet_2019,2,2,0.34569213,0.5755396,0.459306538105011,0.4892372965812683,0.5222039818763733,below worst expert
2355,mScarlet_in_PAG,unet_2019,3,3,0.3464417,0.6131387,0.459306538105011,0.4892372965812683,0.5222039818763733,below worst expert
2359,mScarlet_in_PAG,unet_2019,1,1,0.26303497,0.47777778,0.3417434096336365,0.37485169172286986,0.4012244343757629,below worst expert
2359,mScarlet_in_PAG,unet_2019,2,2,0.29661566,0.5705522,0.3417434096336365,0.37485169172286986,0.4012244343757629,below worst expert
2359,mScarlet_in_PAG,unet_2019,3,3,0.24856123,0.49112427,0.3417434096336365,0.37485169172286986,0.4012244343757629,below worst expert
2363,mScarlet_in_PAG,unet_2019,1,1,0.27449697,0.50884956,0.3301322162151336,0.47809209674596786,0.5955353379249573,below worst expert
2363,mScarlet_in_PAG,unet_2019,2,2,0.32065544,0.5751295,0.3301322162151336,0.47809209674596786,0.5955353379249573,below worst expert
2363,mScarlet_in_PAG,unet_2019,3,3,0.29944047,0.5245098,0.3301322162151336,0.47809209674596786,0.5955353379249573,below worst expert
2364,mScarlet_in_PAG,unet_2019,1,1,0.38082016,0.6357616,0.3989275693893432,0.49625473469495773,0.6297957301139832,below worst expert
2364,mScarlet_in_PAG,unet_2019,2,2,0.363502,0.5890411,0.3989275693893432,0.49625473469495773,0.6297957301139832,below worst expert
2364,mScarlet_in_PAG,unet_2019,3,3,0.3751586,0.5972222,0.3989275693893432,0.49625473469495773,0.6297957301139832,below worst expert
2365,mScarlet_in_PAG,unet_2019,1,1,0.3672695,0.6148649,0.4565333724021911,0.48014465719461435,0.5362949967384338,below worst expert
2365,mScarlet_in_PAG,unet_2019,2,2,0.335213,0.5625,0.4565333724021911,0.48014465719461435,0.5362949967384338,below worst expert
2365,mScarlet_in_PAG,unet_2019,3,3,0.34006017,0.57746476,0.4565333724021911,0.48014465719461435,0.5362949967384338,below worst expert
2366,mScarlet_in_PAG,unet_2019,1,1,0.33092725,0.575,0.4272132813930511,0.46713629364967346,0.520592212677002,below worst expert
2366,mScarlet_in_PAG,unet_2019,2,2,0.32774788,0.5403226,0.4272132813930511,0.46713629364967346,0.520592212677002,below worst expert
2366,mScarlet_in_PAG,unet_2019,3,3,0.34932435,0.56302524,0.4272132813930511,0.46713629364967346,0.520592212677002,below worst expert
2368,mScarlet_in_PAG,unet_2019,1,1,0.31054765,0.5,0.4843691289424896,0.5278349444270134,0.5577811002731323,below worst expert
2368,mScarlet_in_PAG,unet_2019,2,2,0.32971346,0.53174603,0.4843691289424896,0.5278349444270134,0.5577811002731323,below worst expert
2368,mScarlet_in_PAG,unet_2019,3,3,0.34424186,0.553719,0.4843691289424896,0.5278349444270134,0.5577811002731323,below worst expert
2354,mScarlet_in_PAG,nnunet,1,1,0.50508964,0.728,0.4647617936134338,0.5393187999725342,0.6221598982810974,in expert range
2354,mScarlet_in_PAG,nnunet,2,2,0.49852163,0.72440946,0.4647617936134338,0.5393187999725342,0.6221598982810974,in expert range
2354,mScarlet_in_PAG,nnunet,3,3,0.4913928,0.6946565,0.4647617936134338,0.5393187999725342,0.6221598982810974,in expert range
2355,mScarlet_in_PAG,nnunet,1,1,0.4406984,0.7063492,0.459306538105011,0.4892372965812683,0.5222039818763733,below worst expert
2355,mScarlet_in_PAG,nnunet,2,2,0.44719443,0.7007874,0.459306538105011,0.4892372965812683,0.5222039818763733,below worst expert
2355,mScarlet_in_PAG,nnunet,3,3,0.44575295,0.6984127,0.459306538105011,0.4892372965812683,0.5222039818763733,below worst expert
2359,mScarlet_in_PAG,nnunet,1,1,0.34872574,0.57763976,0.3417434096336365,0.37485169172286986,0.4012244343757629,in expert range
2359,mScarlet_in_PAG,nnunet,2,2,0.3486917,0.5875,0.3417434096336365,0.37485169172286986,0.4012244343757629,in expert range
2359,mScarlet_in_PAG,nnunet,3,3,0.32206157,0.54268295,0.3417434096336365,0.37485169172286986,0.4012244343757629,below worst expert
2363,mScarlet_in_PAG,nnunet,1,1,0.45483598,0.70481926,0.3301322162151336,0.47809209674596786,0.5955353379249573,in expert range
2363,mScarlet_in_PAG,nnunet,2,2,0.46709976,0.7245509,0.3301322162151336,0.47809209674596786,0.5955353379249573,in expert range
2363,mScarlet_in_PAG,nnunet,3,3,0.4601799,0.71686745,0.3301322162151336,0.47809209674596786,0.5955353379249573,in expert range
2364,mScarlet_in_PAG,nnunet,1,1,0.44901162,0.6527778,0.3989275693893432,0.49625473469495773,0.6297957301139832,in expert range
2364,mScarlet_in_PAG,nnunet,2,2,0.4335885,0.6394558,0.3989275693893432,0.49625473469495773,0.6297957301139832,in expert range
2364,mScarlet_in_PAG,nnunet,3,3,0.4403549,0.65068495,0.3989275693893432,0.49625473469495773,0.6297957301139832,in expert range
2365,mScarlet_in_PAG,nnunet,1,1,0.44301993,0.65925926,0.4565333724021911,0.48014465719461435,0.5362949967384338,below worst expert
2365,mScarlet_in_PAG,nnunet,2,2,0.45914307,0.6766917,0.4565333724021911,0.48014465719461435,0.5362949967384338,in expert range
2365,mScarlet_in_PAG,nnunet,3,3,0.4515875,0.6969697,0.4565333724021911,0.48014465719461435,0.5362949967384338,below worst expert
2366,mScarlet_in_PAG,nnunet,1,1,0.4114402,0.63106793,0.4272132813930511,0.46713629364967346,0.520592212677002,below worst expert
2366,mScarlet_in_PAG,nnunet,2,2,0.41590375,0.6442308,0.4272132813930511,0.46713629364967346,0.520592212677002,below worst expert
2366,mScarlet_in_PAG,nnunet,3,3,0.43225044,0.65048546,0.4272132813930511,0.46713629364967346,0.520592212677002,in expert range
2368,mScarlet_in_PAG,nnunet,1,1,0.4895861,0.6923077,0.4843691289424896,0.5278349444270134,0.5577811002731323,in expert range
2368,mScarlet_in_PAG,nnunet,2,2,0.490486,0.6952381,0.4843691289424896,0.5278349444270134,0.5577811002731323,in expert range
2368,mScarlet_in_PAG,nnunet,3,3,0.48854357,0.6952381,0.4843691289424896,0.5278349444270134,0.5577811002731323,in expert range
2354,mScarlet_in_PAG,deepflash2_random,1,1,0.42684752,0.6640625,0.4647617936134338,0.5393187999725342,0.6221598982810974,below worst expert
2354,mScarlet_in_PAG,deepflash2_random,2,2,0.41110235,0.6615385,0.4647617936134338,0.5393187999725342,0.6221598982810974,below worst expert
2354,mScarlet_in_PAG,deepflash2_random,3,3,0.41760737,0.65909094,0.4647617936134338,0.5393187999725342,0.6221598982810974,below worst expert
2355,mScarlet_in_PAG,deepflash2_random,1,1,0.35322696,0.62406015,0.459306538105011,0.4892372965812683,0.5222039818763733,below worst expert
2355,mScarlet_in_PAG,deepflash2_random,2,2,0.3481757,0.6148148,0.459306538105011,0.4892372965812683,0.5222039818763733,below worst expert
2355,mScarlet_in_PAG,deepflash2_random,3,3,0.35731646,0.63235295,0.459306538105011,0.4892372965812683,0.5222039818763733,below worst expert
2359,mScarlet_in_PAG,deepflash2_random,1,1,0.30584162,0.5574713,0.3417434096336365,0.37485169172286986,0.4012244343757629,below worst expert
2359,mScarlet_in_PAG,deepflash2_random,2,2,0.30467322,0.5485714,0.3417434096336365,0.37485169172286986,0.4012244343757629,below worst expert
2359,mScarlet_in_PAG,deepflash2_random,3,3,0.30523878,0.5359116,0.3417434096336365,0.37485169172286986,0.4012244343757629,below worst expert
2363,mScarlet_in_PAG,deepflash2_random,1,1,0.33579084,0.60209423,0.3301322162151336,0.47809209674596786,0.5955353379249573,in expert range
2363,mScarlet_in_PAG,deepflash2_random,2,2,0.33641145,0.591623,0.3301322162151336,0.47809209674596786,0.5955353379249573,in expert range
2363,mScarlet_in_PAG,deepflash2_random,3,3,0.33113864,0.57360405,0.3301322162151336,0.47809209674596786,0.5955353379249573,in expert range
2364,mScarlet_in_PAG,deepflash2_random,1,1,0.37576178,0.6143791,0.3989275693893432,0.49625473469495773,0.6297957301139832,below worst expert
2364,mScarlet_in_PAG,deepflash2_random,2,2,0.37336048,0.6298701,0.3989275693893432,0.49625473469495773,0.6297957301139832,below worst expert
2364,mScarlet_in_PAG,deepflash2_random,3,3,0.37504423,0.61935484,0.3989275693893432,0.49625473469495773,0.6297957301139832,below worst expert
2365,mScarlet_in_PAG,deepflash2_random,1,1,0.32794237,0.5769231,0.4565333724021911,0.48014465719461435,0.5362949967384338,below worst expert
2365,mScarlet_in_PAG,deepflash2_random,2,2,0.32242537,0.5443038,0.4565333724021911,0.48014465719461435,0.5362949967384338,below worst expert
2365,mScarlet_in_PAG,deepflash2_random,3,3,0.31311876,0.5487805,0.4565333724021911,0.48014465719461435,0.5362949967384338,below worst expert
2366,mScarlet_in_PAG,deepflash2_random,1,1,0.34825867,0.55813956,0.4272132813930511,0.46713629364967346,0.520592212677002,below worst expert
2366,mScarlet_in_PAG,deepflash2_random,2,2,0.32879484,0.53731346,0.4272132813930511,0.46713629364967346,0.520592212677002,below worst expert
2366,mScarlet_in_PAG,deepflash2_random,3,3,0.34256303,0.5488722,0.4272132813930511,0.46713629364967346,0.520592212677002,below worst expert
2368,mScarlet_in_PAG,deepflash2_random,1,1,0.3158555,0.52592593,0.4843691289424896,0.5278349444270134,0.5577811002731323,below worst expert
2368,mScarlet_in_PAG,deepflash2_random,2,2,0.30085796,0.5177305,0.4843691289424896,0.5278349444270134,0.5577811002731323,below worst expert
2368,mScarlet_in_PAG,deepflash2_random,3,3,0.30769652,0.54347825,0.4843691289424896,0.5278349444270134,0.5577811002731323,below worst expert
2354,mScarlet_in_PAG,deepflash2,1,1,0.51276773,0.72307694,0.4647617936134338,0.5393187999725342,0.6221598982810974,in expert range
2354,mScarlet_in_PAG,deepflash2,2,2,0.49981555,0.6969697,0.4647617936134338,0.5393187999725342,0.6221598982810974,in expert range
2354,mScarlet_in_PAG,deepflash2,3,3,0.5072065,0.7067669,0.4647617936134338,0.5393187999725342,0.6221598982810974,in expert range
2355,mScarlet_in_PAG,deepflash2,1,1,0.4843885,0.71653545,0.459306538105011,0.4892372965812683,0.5222039818763733,in expert range
2355,mScarlet_in_PAG,deepflash2,2,2,0.4688074,0.6818182,0.459306538105011,0.4892372965812683,0.5222039818763733,in expert range
2355,mScarlet_in_PAG,deepflash2,3,3,0.4665529,0.70454544,0.459306538105011,0.4892372965812683,0.5222039818763733,in expert range
2359,mScarlet_in_PAG,deepflash2,1,1,0.38190776,0.6385542,0.3417434096336365,0.37485169172286986,0.4012244343757629,in expert range
2359,mScarlet_in_PAG,deepflash2,2,2,0.36142787,0.6035503,0.3417434096336365,0.37485169172286986,0.4012244343757629,in expert range
2359,mScarlet_in_PAG,deepflash2,3,3,0.3720036,0.61403507,0.3417434096336365,0.37485169172286986,0.4012244343757629,in expert range
2363,mScarlet_in_PAG,deepflash2,1,1,0.47062635,0.7039106,0.3301322162151336,0.47809209674596786,0.5955353379249573,in expert range
2363,mScarlet_in_PAG,deepflash2,2,2,0.4751757,0.7222222,0.3301322162151336,0.47809209674596786,0.5955353379249573,in expert range
2363,mScarlet_in_PAG,deepflash2,3,3,0.4789892,0.7282609,0.3301322162151336,0.47809209674596786,0.5955353379249573,in expert range
2364,mScarlet_in_PAG,deepflash2,1,1,0.47532478,0.75,0.3989275693893432,0.49625473469495773,0.6297957301139832,in expert range
2364,mScarlet_in_PAG,deepflash2,2,2,0.48713765,0.75352114,0.3989275693893432,0.49625473469495773,0.6297957301139832,in expert range
2364,mScarlet_in_PAG,deepflash2,3,3,0.47574335,0.73103446,0.3989275693893432,0.49625473469495773,0.6297957301139832,in expert range
2365,mScarlet_in_PAG,deepflash2,1,1,0.47492343,0.6946565,0.4565333724021911,0.48014465719461435,0.5362949967384338,in expert range
2365,mScarlet_in_PAG,deepflash2,2,2,0.49240273,0.7322835,0.4565333724021911,0.48014465719461435,0.5362949967384338,in expert range
2365,mScarlet_in_PAG,deepflash2,3,3,0.49514347,0.7364341,0.4565333724021911,0.48014465719461435,0.5362949967384338,in expert range
2366,mScarlet_in_PAG,deepflash2,1,1,0.47377387,0.72727275,0.4272132813930511,0.46713629364967346,0.520592212677002,in expert range
2366,mScarlet_in_PAG,deepflash2,2,2,0.4537119,0.6851852,0.4272132813930511,0.46713629364967346,0.520592212677002,in expert range
2366,mScarlet_in_PAG,deepflash2,3,3,0.45374212,0.682243,0.4272132813930511,0.46713629364967346,0.520592212677002,in expert range
2368,mScarlet_in_PAG,deepflash2,1,1,0.5055049,0.73394495,0.4843691289424896,0.5278349444270134,0.5577811002731323,in expert range
2368,mScarlet_in_PAG,deepflash2,2,2,0.50730175,0.75,0.4843691289424896,0.5278349444270134,0.5577811002731323,in expert range
2368,mScarlet_in_PAG,deepflash2,3,3,0.48927784,0.73214287,0.4843691289424896,0.5278349444270134,0.5577811002731323,in expert range
2332,YFP_in_CTX,cellpose,1,cyto,0.3446072,0.6694915,0.217582494020462,0.4920420587062836,0.6380009651184082,in expert range
2332,YFP_in_CTX,cellpose,2,cyto,0.3446072,0.6694915,0.217582494020462,0.4920420587062836,0.6380009651184082,in expert range
2332,YFP_in_CTX,cellpose,3,cyto,0.3446072,0.6694915,0.217582494020462,0.4920420587062836,0.6380009651184082,in expert range
2334,YFP_in_CTX,cellpose,1,cyto,0.39988315,0.5660377,0.2324316948652267,0.44851707518100736,0.5709212422370911,in expert range
2334,YFP_in_CTX,cellpose,2,cyto,0.39988315,0.5660377,0.2324316948652267,0.44851707518100736,0.5709212422370911,in expert range
2334,YFP_in_CTX,cellpose,3,cyto,0.39988315,0.5660377,0.2324316948652267,0.44851707518100736,0.5709212422370911,in expert range
2340,YFP_in_CTX,cellpose,1,cyto,0.52886,0.7941176,0.2293545305728912,0.4748064637184143,0.5782663822174072,in expert range
2340,YFP_in_CTX,cellpose,2,cyto,0.52886,0.7941176,0.2293545305728912,0.4748064637184143,0.5782663822174072,in expert range
2340,YFP_in_CTX,cellpose,3,cyto,0.52886,0.7941176,0.2293545305728912,0.4748064637184143,0.5782663822174072,in expert range
2341,YFP_in_CTX,cellpose,1,cyto,0.32165876,0.4759036,0.2020624428987503,0.44752070009708406,0.6060938835144043,in expert range
2341,YFP_in_CTX,cellpose,2,cyto,0.32165876,0.4759036,0.2020624428987503,0.44752070009708406,0.6060938835144043,in expert range
2341,YFP_in_CTX,cellpose,3,cyto,0.32165876,0.4759036,0.2020624428987503,0.44752070009708406,0.6060938835144043,in expert range
2342,YFP_in_CTX,cellpose,1,cyto,0.17054985,0.35882354,0.4820052087306976,0.5081243415673574,0.5285735130310059,below worst expert
2342,YFP_in_CTX,cellpose,2,cyto,0.17054985,0.35882354,0.4820052087306976,0.5081243415673574,0.5285735130310059,below worst expert
2342,YFP_in_CTX,cellpose,3,cyto,0.17054985,0.35882354,0.4820052087306976,0.5081243415673574,0.5285735130310059,below worst expert
2343,YFP_in_CTX,cellpose,1,cyto,0.24325676,0.5614035,0.4401154518127441,0.5380393465360006,0.7077823877334595,below worst expert
2343,YFP_in_CTX,cellpose,2,cyto,0.24325676,0.5614035,0.4401154518127441,0.5380393465360006,0.7077823877334595,below worst expert
2343,YFP_in_CTX,cellpose,3,cyto,0.24325676,0.5614035,0.4401154518127441,0.5380393465360006,0.7077823877334595,below worst expert
2347,YFP_in_CTX,cellpose,1,cyto,0.2083647,0.35947713,0.4827857911586761,0.5434756577014923,0.5868133306503296,below worst expert
2347,YFP_in_CTX,cellpose,2,cyto,0.2083647,0.35947713,0.4827857911586761,0.5434756577014923,0.5868133306503296,below worst expert
2347,YFP_in_CTX,cellpose,3,cyto,0.2083647,0.35947713,0.4827857911586761,0.5434756577014923,0.5868133306503296,below worst expert
2349,YFP_in_CTX,cellpose,1,cyto,0.21275532,0.50617284,0.3775253295898437,0.49788787961006165,0.6165823340415955,below worst expert
2349,YFP_in_CTX,cellpose,2,cyto,0.21275532,0.50617284,0.3775253295898437,0.49788787961006165,0.6165823340415955,below worst expert
2349,YFP_in_CTX,cellpose,3,cyto,0.21275532,0.50617284,0.3775253295898437,0.49788787961006165,0.6165823340415955,below worst expert
2332,YFP_in_CTX,cellpose_single,1,1,0.4477087,0.7303371,0.217582494020462,0.4920420587062836,0.6380009651184082,in expert range
2332,YFP_in_CTX,cellpose_single,2,2,0.52424383,0.85393256,0.217582494020462,0.4920420587062836,0.6380009651184082,in expert range
2332,YFP_in_CTX,cellpose_single,3,3,0.4926424,0.78409094,0.217582494020462,0.4920420587062836,0.6380009651184082,in expert range
2334,YFP_in_CTX,cellpose_single,1,1,0.4759071,0.7236842,0.2324316948652267,0.44851707518100736,0.5709212422370911,in expert range
2334,YFP_in_CTX,cellpose_single,2,2,0.479177,0.81578946,0.2324316948652267,0.44851707518100736,0.5709212422370911,in expert range
2334,YFP_in_CTX,cellpose_single,3,3,0.42119965,0.7307692,0.2324316948652267,0.44851707518100736,0.5709212422370911,in expert range
2340,YFP_in_CTX,cellpose_single,1,1,0.51662505,0.7790698,0.2293545305728912,0.4748064637184143,0.5782663822174072,in expert range
2340,YFP_in_CTX,cellpose_single,2,2,0.5213221,0.7816092,0.2293545305728912,0.4748064637184143,0.5782663822174072,in expert range
2340,YFP_in_CTX,cellpose_single,3,3,0.4755822,0.72727275,0.2293545305728912,0.4748064637184143,0.5782663822174072,in expert range
2341,YFP_in_CTX,cellpose_single,1,1,0.5205793,0.787037,0.2020624428987503,0.44752070009708406,0.6060938835144043,in expert range
2341,YFP_in_CTX,cellpose_single,2,2,0.52241385,0.8348624,0.2020624428987503,0.44752070009708406,0.6060938835144043,in expert range
2341,YFP_in_CTX,cellpose_single,3,3,0.49533463,0.787037,0.2020624428987503,0.44752070009708406,0.6060938835144043,in expert range
2342,YFP_in_CTX,cellpose_single,1,1,0.50224364,0.85542166,0.4820052087306976,0.5081243415673574,0.5285735130310059,in expert range
2342,YFP_in_CTX,cellpose_single,2,2,0.49976707,0.82758623,0.4820052087306976,0.5081243415673574,0.5285735130310059,in expert range
2342,YFP_in_CTX,cellpose_single,3,3,0.49451303,0.79761904,0.4820052087306976,0.5081243415673574,0.5285735130310059,in expert range
2343,YFP_in_CTX,cellpose_single,1,1,0.50466937,0.8333333,0.4401154518127441,0.5380393465360006,0.7077823877334595,in expert range
2343,YFP_in_CTX,cellpose_single,2,2,0.5483823,0.8974359,0.4401154518127441,0.5380393465360006,0.7077823877334595,in expert range
2343,YFP_in_CTX,cellpose_single,3,3,0.4972361,0.8333333,0.4401154518127441,0.5380393465360006,0.7077823877334595,in expert range
2347,YFP_in_CTX,cellpose_single,1,1,0.551432,0.8450704,0.4827857911586761,0.5434756577014923,0.5868133306503296,in expert range
2347,YFP_in_CTX,cellpose_single,2,2,0.5439579,0.8243243,0.4827857911586761,0.5434756577014923,0.5868133306503296,in expert range
2347,YFP_in_CTX,cellpose_single,3,3,0.5234395,0.8356164,0.4827857911586761,0.5434756577014923,0.5868133306503296,in expert range
2349,YFP_in_CTX,cellpose_single,1,1,0.47207683,0.77884614,0.3775253295898437,0.49788787961006165,0.6165823340415955,in expert range
2349,YFP_in_CTX,cellpose_single,2,2,0.47312275,0.85714287,0.3775253295898437,0.49788787961006165,0.6165823340415955,in expert range
2349,YFP_in_CTX,cellpose_single,3,3,0.48423043,0.8018868,0.3775253295898437,0.49788787961006165,0.6165823340415955,in expert range
2332,YFP_in_CTX,cellpose_ensemble,1,1,0.4827848,0.73333335,0.217582494020462,0.4920420587062836,0.6380009651184082,in expert range
2332,YFP_in_CTX,cellpose_ensemble,2,2,0.5297326,0.84444445,0.217582494020462,0.4920420587062836,0.6380009651184082,in expert range
2332,YFP_in_CTX,cellpose_ensemble,3,3,0.4748818,0.8043478,0.217582494020462,0.4920420587062836,0.6380009651184082,in expert range
2334,YFP_in_CTX,cellpose_ensemble,1,1,0.43755946,0.7307692,0.2324316948652267,0.44851707518100736,0.5709212422370911,in expert range
2334,YFP_in_CTX,cellpose_ensemble,2,2,0.4826057,0.7922078,0.2324316948652267,0.44851707518100736,0.5709212422370911,in expert range
2334,YFP_in_CTX,cellpose_ensemble,3,3,0.4729157,0.84415585,0.2324316948652267,0.44851707518100736,0.5709212422370911,in expert range
2340,YFP_in_CTX,cellpose_ensemble,1,1,0.5021807,0.77011496,0.2293545305728912,0.4748064637184143,0.5782663822174072,in expert range
2340,YFP_in_CTX,cellpose_ensemble,2,2,0.54344606,0.8117647,0.2293545305728912,0.4748064637184143,0.5782663822174072,in expert range
2340,YFP_in_CTX,cellpose_ensemble,3,3,0.51518023,0.81395346,0.2293545305728912,0.4748064637184143,0.5782663822174072,in expert range
2341,YFP_in_CTX,cellpose_ensemble,1,1,0.51081705,0.79816514,0.2020624428987503,0.44752070009708406,0.6060938835144043,in expert range
2341,YFP_in_CTX,cellpose_ensemble,2,2,0.52941865,0.8165138,0.2020624428987503,0.44752070009708406,0.6060938835144043,in expert range
2341,YFP_in_CTX,cellpose_ensemble,3,3,0.524063,0.8,0.2020624428987503,0.44752070009708406,0.6060938835144043,in expert range
2342,YFP_in_CTX,cellpose_ensemble,1,1,0.53282785,0.8888889,0.4820052087306976,0.5081243415673574,0.5285735130310059,above best expert
2342,YFP_in_CTX,cellpose_ensemble,2,2,0.51121527,0.85714287,0.4820052087306976,0.5081243415673574,0.5285735130310059,in expert range
2342,YFP_in_CTX,cellpose_ensemble,3,3,0.51105106,0.82758623,0.4820052087306976,0.5081243415673574,0.5285735130310059,in expert range
2343,YFP_in_CTX,cellpose_ensemble,1,1,0.51956683,0.84810126,0.4401154518127441,0.5380393465360006,0.7077823877334595,in expert range
2343,YFP_in_CTX,cellpose_ensemble,2,2,0.5405876,0.8717949,0.4401154518127441,0.5380393465360006,0.7077823877334595,in expert range
2343,YFP_in_CTX,cellpose_ensemble,3,3,0.52794355,0.8717949,0.4401154518127441,0.5380393465360006,0.7077823877334595,in expert range
2347,YFP_in_CTX,cellpose_ensemble,1,1,0.54178077,0.8472222,0.4827857911586761,0.5434756577014923,0.5868133306503296,in expert range
2347,YFP_in_CTX,cellpose_ensemble,2,2,0.54677963,0.84931505,0.4827857911586761,0.5434756577014923,0.5868133306503296,in expert range
2347,YFP_in_CTX,cellpose_ensemble,3,3,0.5549665,0.84931505,0.4827857911586761,0.5434756577014923,0.5868133306503296,in expert range
2349,YFP_in_CTX,cellpose_ensemble,1,1,0.48421973,0.8,0.3775253295898437,0.49788787961006165,0.6165823340415955,in expert range
2349,YFP_in_CTX,cellpose_ensemble,2,2,0.4855539,0.84761906,0.3775253295898437,0.49788787961006165,0.6165823340415955,in expert range
2349,YFP_in_CTX,cellpose_ensemble,3,3,0.49842733,0.83809525,0.3775253295898437,0.49788787961006165,0.6165823340415955,in expert range
2332,YFP_in_CTX,unet_2019,1,1,0.5842691,0.83157897,0.217582494020462,0.4920420587062836,0.6380009651184082,in expert range
2332,YFP_in_CTX,unet_2019,2,2,0.5456425,0.84042555,0.217582494020462,0.4920420587062836,0.6380009651184082,in expert range
2332,YFP_in_CTX,unet_2019,3,3,0.3475149,0.6979167,0.217582494020462,0.4920420587062836,0.6380009651184082,in expert range
2334,YFP_in_CTX,unet_2019,1,1,0.47910514,0.79012346,0.2324316948652267,0.44851707518100736,0.5709212422370911,in expert range
2334,YFP_in_CTX,unet_2019,2,2,0.5106886,0.8375,0.2324316948652267,0.44851707518100736,0.5709212422370911,in expert range
2334,YFP_in_CTX,unet_2019,3,3,0.30500957,0.6,0.2324316948652267,0.44851707518100736,0.5709212422370911,in expert range
2340,YFP_in_CTX,unet_2019,1,1,0.5453639,0.79310346,0.2293545305728912,0.4748064637184143,0.5782663822174072,in expert range
2340,YFP_in_CTX,unet_2019,2,2,0.51229733,0.78651685,0.2293545305728912,0.4748064637184143,0.5782663822174072,in expert range
2340,YFP_in_CTX,unet_2019,3,3,0.34955463,0.6666667,0.2293545305728912,0.4748064637184143,0.5782663822174072,in expert range
2341,YFP_in_CTX,unet_2019,1,1,0.38679758,0.6198347,0.2020624428987503,0.44752070009708406,0.6060938835144043,in expert range
2341,YFP_in_CTX,unet_2019,2,2,0.38970977,0.6451613,0.2020624428987503,0.44752070009708406,0.6060938835144043,in expert range
2341,YFP_in_CTX,unet_2019,3,3,0.21353753,0.48739496,0.2020624428987503,0.44752070009708406,0.6060938835144043,in expert range
2342,YFP_in_CTX,unet_2019,1,1,0.46045956,0.8131868,0.4820052087306976,0.5081243415673574,0.5285735130310059,below worst expert
2342,YFP_in_CTX,unet_2019,2,2,0.44856447,0.78723407,0.4820052087306976,0.5081243415673574,0.5285735130310059,below worst expert
2342,YFP_in_CTX,unet_2019,3,3,0.48851568,0.78313255,0.4820052087306976,0.5081243415673574,0.5285735130310059,in expert range
2343,YFP_in_CTX,unet_2019,1,1,0.48601755,0.7816092,0.4401154518127441,0.5380393465360006,0.7077823877334595,in expert range
2343,YFP_in_CTX,unet_2019,2,2,0.49082524,0.81609195,0.4401154518127441,0.5380393465360006,0.7077823877334595,in expert range
2343,YFP_in_CTX,unet_2019,3,3,0.4733081,0.7848101,0.4401154518127441,0.5380393465360006,0.7077823877334595,in expert range
2347,YFP_in_CTX,unet_2019,1,1,0.5426548,0.82191783,0.4827857911586761,0.5434756577014923,0.5868133306503296,in expert range
2347,YFP_in_CTX,unet_2019,2,2,0.560533,0.8243243,0.4827857911586761,0.5434756577014923,0.5868133306503296,in expert range
2347,YFP_in_CTX,unet_2019,3,3,0.46743637,0.8382353,0.4827857911586761,0.5434756577014923,0.5868133306503296,below worst expert
2349,YFP_in_CTX,unet_2019,1,1,0.43556556,0.7586207,0.3775253295898437,0.49788787961006165,0.6165823340415955,in expert range
2349,YFP_in_CTX,unet_2019,2,2,0.44006842,0.7457627,0.3775253295898437,0.49788787961006165,0.6165823340415955,in expert range
2349,YFP_in_CTX,unet_2019,3,3,0.4510549,0.776699,0.3775253295898437,0.49788787961006165,0.6165823340415955,in expert range
2332,YFP_in_CTX,nnunet,1,1,0.64974594,0.8913044,0.217582494020462,0.4920420587062836,0.6380009651184082,above best expert
2332,YFP_in_CTX,nnunet,2,2,0.62284124,0.8817204,0.217582494020462,0.4920420587062836,0.6380009651184082,in expert range
2332,YFP_in_CTX,nnunet,3,3,0.6179555,0.8913044,0.217582494020462,0.4920420587062836,0.6380009651184082,in expert range
2334,YFP_in_CTX,nnunet,1,1,0.53900754,0.78205127,0.2324316948652267,0.44851707518100736,0.5709212422370911,in expert range
2334,YFP_in_CTX,nnunet,2,2,0.53975147,0.7948718,0.2324316948652267,0.44851707518100736,0.5709212422370911,in expert range
2334,YFP_in_CTX,nnunet,3,3,0.5521715,0.7948718,0.2324316948652267,0.44851707518100736,0.5709212422370911,in expert range
2340,YFP_in_CTX,nnunet,1,1,0.6244063,0.86206895,0.2293545305728912,0.4748064637184143,0.5782663822174072,above best expert
2340,YFP_in_CTX,nnunet,2,2,0.6661877,0.90588236,0.2293545305728912,0.4748064637184143,0.5782663822174072,above best expert
2340,YFP_in_CTX,nnunet,3,3,0.6279013,0.85057473,0.2293545305728912,0.4748064637184143,0.5782663822174072,above best expert
2341,YFP_in_CTX,nnunet,1,1,0.50594795,0.75652176,0.2020624428987503,0.44752070009708406,0.6060938835144043,in expert range
2341,YFP_in_CTX,nnunet,2,2,0.52585095,0.7719298,0.2020624428987503,0.44752070009708406,0.6060938835144043,in expert range
2341,YFP_in_CTX,nnunet,3,3,0.49720177,0.73913044,0.2020624428987503,0.44752070009708406,0.6060938835144043,in expert range
2342,YFP_in_CTX,nnunet,1,1,0.4651187,0.7419355,0.4820052087306976,0.5081243415673574,0.5285735130310059,below worst expert
2342,YFP_in_CTX,nnunet,2,2,0.47510424,0.7419355,0.4820052087306976,0.5081243415673574,0.5285735130310059,below worst expert
2342,YFP_in_CTX,nnunet,3,3,0.4685022,0.75,0.4820052087306976,0.5081243415673574,0.5285735130310059,below worst expert
2343,YFP_in_CTX,nnunet,1,1,0.44641557,0.77011496,0.4401154518127441,0.5380393465360006,0.7077823877334595,in expert range
2343,YFP_in_CTX,nnunet,2,2,0.47036648,0.8117647,0.4401154518127441,0.5380393465360006,0.7077823877334595,in expert range
2343,YFP_in_CTX,nnunet,3,3,0.46118593,0.7906977,0.4401154518127441,0.5380393465360006,0.7077823877334595,in expert range
2347,YFP_in_CTX,nnunet,1,1,0.5576483,0.84931505,0.4827857911586761,0.5434756577014923,0.5868133306503296,in expert range
2347,YFP_in_CTX,nnunet,2,2,0.5316306,0.8378378,0.4827857911586761,0.5434756577014923,0.5868133306503296,in expert range
2347,YFP_in_CTX,nnunet,3,3,0.5510415,0.84931505,0.4827857911586761,0.5434756577014923,0.5868133306503296,in expert range
2349,YFP_in_CTX,nnunet,1,1,0.42178982,0.7719298,0.3775253295898437,0.49788787961006165,0.6165823340415955,in expert range
2349,YFP_in_CTX,nnunet,2,2,0.41621923,0.7631579,0.3775253295898437,0.49788787961006165,0.6165823340415955,in expert range
2349,YFP_in_CTX,nnunet,3,3,0.42137656,0.7787611,0.3775253295898437,0.49788787961006165,0.6165823340415955,in expert range
2332,YFP_in_CTX,deepflash2_random,1,1,0.5239882,0.8105263,0.217582494020462,0.4920420587062836,0.6380009651184082,in expert range
2332,YFP_in_CTX,deepflash2_random,2,2,0.56913424,0.86315787,0.217582494020462,0.4920420587062836,0.6380009651184082,in expert range
2332,YFP_in_CTX,deepflash2_random,3,3,0.54770195,0.85263157,0.217582494020462,0.4920420587062836,0.6380009651184082,in expert range
2334,YFP_in_CTX,deepflash2_random,1,1,0.54411846,0.8125,0.2324316948652267,0.44851707518100736,0.5709212422370911,in expert range
2334,YFP_in_CTX,deepflash2_random,2,2,0.6018555,0.85897434,0.2324316948652267,0.44851707518100736,0.5709212422370911,above best expert
2334,YFP_in_CTX,deepflash2_random,3,3,0.5407711,0.80246913,0.2324316948652267,0.44851707518100736,0.5709212422370911,in expert range
2340,YFP_in_CTX,deepflash2_random,1,1,0.56161624,0.83908045,0.2293545305728912,0.4748064637184143,0.5782663822174072,in expert range
2340,YFP_in_CTX,deepflash2_random,2,2,0.5743086,0.8863636,0.2293545305728912,0.4748064637184143,0.5782663822174072,in expert range
2340,YFP_in_CTX,deepflash2_random,3,3,0.5433717,0.8202247,0.2293545305728912,0.4748064637184143,0.5782663822174072,in expert range
2341,YFP_in_CTX,deepflash2_random,1,1,0.46661106,0.7083333,0.2020624428987503,0.44752070009708406,0.6060938835144043,in expert range
2341,YFP_in_CTX,deepflash2_random,2,2,0.5129415,0.76521736,0.2020624428987503,0.44752070009708406,0.6060938835144043,in expert range
2341,YFP_in_CTX,deepflash2_random,3,3,0.4846827,0.73504275,0.2020624428987503,0.44752070009708406,0.6060938835144043,in expert range
2342,YFP_in_CTX,deepflash2_random,1,1,0.44006133,0.7708333,0.4820052087306976,0.5081243415673574,0.5285735130310059,below worst expert
2342,YFP_in_CTX,deepflash2_random,2,2,0.40980563,0.72,0.4820052087306976,0.5081243415673574,0.5285735130310059,below worst expert
2342,YFP_in_CTX,deepflash2_random,3,3,0.43334135,0.7628866,0.4820052087306976,0.5081243415673574,0.5285735130310059,below worst expert
2343,YFP_in_CTX,deepflash2_random,1,1,0.4894928,0.7777778,0.4401154518127441,0.5380393465360006,0.7077823877334595,in expert range
2343,YFP_in_CTX,deepflash2_random,2,2,0.46743512,0.7582418,0.4401154518127441,0.5380393465360006,0.7077823877334595,in expert range
2343,YFP_in_CTX,deepflash2_random,3,3,0.47960633,0.7777778,0.4401154518127441,0.5380393465360006,0.7077823877334595,in expert range
2347,YFP_in_CTX,deepflash2_random,1,1,0.537382,0.84,0.4827857911586761,0.5434756577014923,0.5868133306503296,in expert range
2347,YFP_in_CTX,deepflash2_random,2,2,0.52827734,0.82666665,0.4827857911586761,0.5434756577014923,0.5868133306503296,in expert range
2347,YFP_in_CTX,deepflash2_random,3,3,0.53946674,0.8630137,0.4827857911586761,0.5434756577014923,0.5868133306503296,in expert range
2349,YFP_in_CTX,deepflash2_random,1,1,0.42201924,0.725,0.3775253295898437,0.49788787961006165,0.6165823340415955,in expert range
2349,YFP_in_CTX,deepflash2_random,2,2,0.41277066,0.725,0.3775253295898437,0.49788787961006165,0.6165823340415955,in expert range
2349,YFP_in_CTX,deepflash2_random,3,3,0.4272315,0.7542373,0.3775253295898437,0.49788787961006165,0.6165823340415955,in expert range
2332,YFP_in_CTX,deepflash2,1,1,0.646614,0.9010989,0.217582494020462,0.4920420587062836,0.6380009651184082,above best expert
2332,YFP_in_CTX,deepflash2,2,2,0.6266047,0.8541667,0.217582494020462,0.4920420587062836,0.6380009651184082,in expert range
2332,YFP_in_CTX,deepflash2,3,3,0.6491579,0.89361703,0.217582494020462,0.4920420587062836,0.6380009651184082,above best expert
2334,YFP_in_CTX,deepflash2,1,1,0.621629,0.8765432,0.2324316948652267,0.44851707518100736,0.5709212422370911,above best expert
2334,YFP_in_CTX,deepflash2,2,2,0.6083452,0.8765432,0.2324316948652267,0.44851707518100736,0.5709212422370911,above best expert
2334,YFP_in_CTX,deepflash2,3,3,0.6278698,0.8414634,0.2324316948652267,0.44851707518100736,0.5709212422370911,above best expert
2340,YFP_in_CTX,deepflash2,1,1,0.6293269,0.84444445,0.2293545305728912,0.4748064637184143,0.5782663822174072,above best expert
2340,YFP_in_CTX,deepflash2,2,2,0.6539904,0.85555553,0.2293545305728912,0.4748064637184143,0.5782663822174072,above best expert
2340,YFP_in_CTX,deepflash2,3,3,0.6388901,0.8764045,0.2293545305728912,0.4748064637184143,0.5782663822174072,above best expert
2341,YFP_in_CTX,deepflash2,1,1,0.5283235,0.773913,0.2020624428987503,0.44752070009708406,0.6060938835144043,in expert range
2341,YFP_in_CTX,deepflash2,2,2,0.55149966,0.7876106,0.2020624428987503,0.44752070009708406,0.6060938835144043,in expert range
2341,YFP_in_CTX,deepflash2,3,3,0.5165759,0.73275864,0.2020624428987503,0.44752070009708406,0.6060938835144043,in expert range
2342,YFP_in_CTX,deepflash2,1,1,0.44585642,0.7373737,0.4820052087306976,0.5081243415673574,0.5285735130310059,below worst expert
2342,YFP_in_CTX,deepflash2,2,2,0.45286503,0.72727275,0.4820052087306976,0.5081243415673574,0.5285735130310059,below worst expert
2342,YFP_in_CTX,deepflash2,3,3,0.43214947,0.6699029,0.4820052087306976,0.5081243415673574,0.5285735130310059,below worst expert
2343,YFP_in_CTX,deepflash2,1,1,0.4690412,0.7777778,0.4401154518127441,0.5380393465360006,0.7077823877334595,in expert range
2343,YFP_in_CTX,deepflash2,2,2,0.46538,0.76666665,0.4401154518127441,0.5380393465360006,0.7077823877334595,in expert range
2343,YFP_in_CTX,deepflash2,3,3,0.4381414,0.7419355,0.4401154518127441,0.5380393465360006,0.7077823877334595,below worst expert
2347,YFP_in_CTX,deepflash2,1,1,0.5605396,0.82666665,0.4827857911586761,0.5434756577014923,0.5868133306503296,in expert range
2347,YFP_in_CTX,deepflash2,2,2,0.5907985,0.8630137,0.4827857911586761,0.5434756577014923,0.5868133306503296,above best expert
2347,YFP_in_CTX,deepflash2,3,3,0.5574458,0.8513514,0.4827857911586761,0.5434756577014923,0.5868133306503296,in expert range
2349,YFP_in_CTX,deepflash2,1,1,0.38917378,0.72131145,0.3775253295898437,0.49788787961006165,0.6165823340415955,in expert range
2349,YFP_in_CTX,deepflash2,2,2,0.3878173,0.71900827,0.3775253295898437,0.49788787961006165,0.6165823340415955,in expert range
2349,YFP_in_CTX,deepflash2,3,3,0.38369483,0.699187,0.3775253295898437,0.49788787961006165,0.6165823340415955,in expert range
