dataset,method,repetition,repetition_name,idx,AP50_class1,mAP_class1,average_AP50,average_mAP,AP50_class2,mAP_class2,AP50_class3,mAP_class3,AP50_class4,mAP_class4,AP50_class5,mAP_class5,AP50_class6,mAP_class6
monuseg,deepflash2,1,1,TCGA-AC-A2FO-01A-01-TS1,0.6510903239250183,0.252930611371994,0.6510903239250183,0.252930611371994,,,,,,,,,,
monuseg,deepflash2,1,1,TCGA-HT-8564-01Z-00-DX1,0.7407407164573669,0.3369353711605072,0.7407407164573669,0.3369353711605072,,,,,,,,,,
monuseg,deepflash2,1,1,TCGA-FG-A4MU-01B-01-TS1,0.7434456944465637,0.38677844405174255,0.7434456944465637,0.38677844405174255,,,,,,,,,,
monuseg,deepflash2,1,1,TCGA-EJ-A46H-01A-03-TSC,0.745674729347229,0.3976842761039734,0.745674729347229,0.3976842761039734,,,,,,,,,,
monuseg,deepflash2,1,1,TCGA-IZ-8196-01A-01-BS1,0.8019639849662781,0.43254464864730835,0.8019639849662781,0.43254464864730835,,,,,,,,,,
monuseg,deepflash2,1,1,TCGA-AO-A0J2-01A-01-BSA,0.6442105174064636,0.31554847955703735,0.6442105174064636,0.31554847955703735,,,,,,,,,,
monuseg,deepflash2,1,1,TCGA-A6-6782-01A-01-BS1,0.625,0.2745024561882019,0.625,0.2745024561882019,,,,,,,,,,
monuseg,deepflash2,1,1,TCGA-ZF-A9R5-01A-01-TS1,0.8565965294837952,0.5024784803390503,0.8565965294837952,0.5024784803390503,,,,,,,,,,
monuseg,deepflash2,1,1,TCGA-HC-7209-01A-01-TS1,0.7213541865348816,0.38539421558380127,0.7213541865348816,0.38539421558380127,,,,,,,,,,
monuseg,deepflash2,1,1,TCGA-69-7764-01A-01-TS1,0.6968085169792175,0.31499773263931274,0.6968085169792175,0.31499773263931274,,,,,,,,,,
monuseg,deepflash2,1,1,TCGA-44-2665-01B-06-BS6,0.8120045065879822,0.4159209728240967,0.8120045065879822,0.4159209728240967,,,,,,,,,,
monuseg,deepflash2,1,1,TCGA-CU-A0YN-01A-02-BSB,0.7389749884605408,0.39100101590156555,0.7389749884605408,0.39100101590156555,,,,,,,,,,
monuseg,deepflash2,1,1,TCGA-GL-6846-01A-01-BS1,0.7791262269020081,0.4157039523124695,0.7791262269020081,0.4157039523124695,,,,,,,,,,
monuseg,deepflash2,1,1,TCGA-2Z-A9J9-01A-01-TS1,0.7098150849342346,0.3511196970939636,0.7098150849342346,0.3511196970939636,,,,,,,,,,
monuseg,deepflash2,2,2,TCGA-AC-A2FO-01A-01-TS1,0.6645264625549316,0.27405664324760437,0.6645264625549316,0.27405664324760437,,,,,,,,,,
monuseg,deepflash2,2,2,TCGA-HT-8564-01Z-00-DX1,0.7123287916183472,0.32745227217674255,0.7123287916183472,0.32745227217674255,,,,,,,,,,
monuseg,deepflash2,2,2,TCGA-FG-A4MU-01B-01-TS1,0.7481343150138855,0.3913603127002716,0.7481343150138855,0.3913603127002716,,,,,,,,,,
monuseg,deepflash2,2,2,TCGA-EJ-A46H-01A-03-TSC,0.769911527633667,0.4181918203830719,0.769911527633667,0.4181918203830719,,,,,,,,,,
monuseg,deepflash2,2,2,TCGA-IZ-8196-01A-01-BS1,0.8209459185600281,0.44557875394821167,0.8209459185600281,0.44557875394821167,,,,,,,,,,
monuseg,deepflash2,2,2,TCGA-AO-A0J2-01A-01-BSA,0.6446808576583862,0.3213796019554138,0.6446808576583862,0.3213796019554138,,,,,,,,,,
monuseg,deepflash2,2,2,TCGA-A6-6782-01A-01-BS1,0.611829936504364,0.2843022346496582,0.611829936504364,0.2843022346496582,,,,,,,,,,
monuseg,deepflash2,2,2,TCGA-ZF-A9R5-01A-01-TS1,0.8869395852088928,0.5109761953353882,0.8869395852088928,0.5109761953353882,,,,,,,,,,
monuseg,deepflash2,2,2,TCGA-HC-7209-01A-01-TS1,0.7113401889801025,0.3884258270263672,0.7113401889801025,0.3884258270263672,,,,,,,,,,
monuseg,deepflash2,2,2,TCGA-69-7764-01A-01-TS1,0.6890909075737,0.32904189825057983,0.6890909075737,0.32904189825057983,,,,,,,,,,
monuseg,deepflash2,2,2,TCGA-44-2665-01B-06-BS6,0.8142695426940918,0.4344204366207123,0.8142695426940918,0.4344204366207123,,,,,,,,,,
monuseg,deepflash2,2,2,TCGA-CU-A0YN-01A-02-BSB,0.761613667011261,0.41326218843460083,0.761613667011261,0.41326218843460083,,,,,,,,,,
monuseg,deepflash2,2,2,TCGA-GL-6846-01A-01-BS1,0.8147208094596863,0.44009366631507874,0.8147208094596863,0.44009366631507874,,,,,,,,,,
monuseg,deepflash2,2,2,TCGA-2Z-A9J9-01A-01-TS1,0.7380607724189758,0.36450278759002686,0.7380607724189758,0.36450278759002686,,,,,,,,,,
monuseg,deepflash2,3,3,TCGA-AC-A2FO-01A-01-TS1,0.6430768966674805,0.26057887077331543,0.6430768966674805,0.26057887077331543,,,,,,,,,,
monuseg,deepflash2,3,3,TCGA-HT-8564-01Z-00-DX1,0.7466216087341309,0.346035897731781,0.7466216087341309,0.346035897731781,,,,,,,,,,
monuseg,deepflash2,3,3,TCGA-FG-A4MU-01B-01-TS1,0.7407407164573669,0.38555729389190674,0.7407407164573669,0.38555729389190674,,,,,,,,,,
monuseg,deepflash2,3,3,TCGA-EJ-A46H-01A-03-TSC,0.7435455918312073,0.3988494873046875,0.7435455918312073,0.3988494873046875,,,,,,,,,,
monuseg,deepflash2,3,3,TCGA-IZ-8196-01A-01-BS1,0.8255813717842102,0.4455831050872803,0.8255813717842102,0.4455831050872803,,,,,,,,,,
monuseg,deepflash2,3,3,TCGA-AO-A0J2-01A-01-BSA,0.667382001876831,0.31572026014328003,0.667382001876831,0.31572026014328003,,,,,,,,,,
monuseg,deepflash2,3,3,TCGA-A6-6782-01A-01-BS1,0.6293578147888184,0.2821972966194153,0.6293578147888184,0.2821972966194153,,,,,,,,,,
monuseg,deepflash2,3,3,TCGA-ZF-A9R5-01A-01-TS1,0.852830171585083,0.48473411798477173,0.852830171585083,0.48473411798477173,,,,,,,,,,
monuseg,deepflash2,3,3,TCGA-HC-7209-01A-01-TS1,0.7447368502616882,0.38758334517478943,0.7447368502616882,0.38758334517478943,,,,,,,,,,
monuseg,deepflash2,3,3,TCGA-69-7764-01A-01-TS1,0.6794425249099731,0.3212611675262451,0.6794425249099731,0.3212611675262451,,,,,,,,,,
monuseg,deepflash2,3,3,TCGA-44-2665-01B-06-BS6,0.7997763156890869,0.4103706479072571,0.7997763156890869,0.4103706479072571,,,,,,,,,,
monuseg,deepflash2,3,3,TCGA-CU-A0YN-01A-02-BSB,0.7518072128295898,0.4010615944862366,0.7518072128295898,0.4010615944862366,,,,,,,,,,
monuseg,deepflash2,3,3,TCGA-GL-6846-01A-01-BS1,0.7980049848556519,0.42780303955078125,0.7980049848556519,0.42780303955078125,,,,,,,,,,
monuseg,deepflash2,3,3,TCGA-2Z-A9J9-01A-01-TS1,0.7116736769676208,0.3471625745296478,0.7116736769676208,0.3471625745296478,,,,,,,,,,
monuseg,nnunet,1,1,TCGA-AC-A2FO-01A-01-TS1,0.5701492428779602,0.21578896045684814,0.5701492428779602,0.21578896045684814,,,,,,,,,,
monuseg,nnunet,1,1,TCGA-HT-8564-01Z-00-DX1,0.5659340620040894,0.26404696702957153,0.5659340620040894,0.26404696702957153,,,,,,,,,,
monuseg,nnunet,1,1,TCGA-FG-A4MU-01B-01-TS1,0.6548042893409729,0.34923142194747925,0.6548042893409729,0.34923142194747925,,,,,,,,,,
monuseg,nnunet,1,1,TCGA-EJ-A46H-01A-03-TSC,0.6580756306648254,0.3653997778892517,0.6580756306648254,0.3653997778892517,,,,,,,,,,
monuseg,nnunet,1,1,TCGA-IZ-8196-01A-01-BS1,0.7488226294517517,0.40384477376937866,0.7488226294517517,0.40384477376937866,,,,,,,,,,
monuseg,nnunet,1,1,TCGA-AO-A0J2-01A-01-BSA,0.6069868803024292,0.3004153370857239,0.6069868803024292,0.3004153370857239,,,,,,,,,,
monuseg,nnunet,1,1,TCGA-A6-6782-01A-01-BS1,0.563973069190979,0.2564951181411743,0.563973069190979,0.2564951181411743,,,,,,,,,,
monuseg,nnunet,1,1,TCGA-ZF-A9R5-01A-01-TS1,0.7350876927375793,0.4187804162502289,0.7350876927375793,0.4187804162502289,,,,,,,,,,
monuseg,nnunet,1,1,TCGA-HC-7209-01A-01-TS1,0.6449275612831116,0.3396718502044678,0.6449275612831116,0.3396718502044678,,,,,,,,,,
monuseg,nnunet,1,1,TCGA-69-7764-01A-01-TS1,0.6351575255393982,0.3080161511898041,0.6351575255393982,0.3080161511898041,,,,,,,,,,
monuseg,nnunet,1,1,TCGA-44-2665-01B-06-BS6,0.6991247534751892,0.3583519458770752,0.6991247534751892,0.3583519458770752,,,,,,,,,,
monuseg,nnunet,1,1,TCGA-CU-A0YN-01A-02-BSB,0.6845238208770752,0.36677083373069763,0.6845238208770752,0.36677083373069763,,,,,,,,,,
monuseg,nnunet,1,1,TCGA-GL-6846-01A-01-BS1,0.6840909123420715,0.3655846416950226,0.6840909123420715,0.3655846416950226,,,,,,,,,,
monuseg,nnunet,1,1,TCGA-2Z-A9J9-01A-01-TS1,0.6195804476737976,0.3046950399875641,0.6195804476737976,0.3046950399875641,,,,,,,,,,
monuseg,nnunet,2,2,TCGA-AC-A2FO-01A-01-TS1,0.5647059082984924,0.2226482331752777,0.5647059082984924,0.2226482331752777,,,,,,,,,,
monuseg,nnunet,2,2,TCGA-HT-8564-01Z-00-DX1,0.6063218116760254,0.28692692518234253,0.6063218116760254,0.28692692518234253,,,,,,,,,,
monuseg,nnunet,2,2,TCGA-FG-A4MU-01B-01-TS1,0.6589285731315613,0.3520417809486389,0.6589285731315613,0.3520417809486389,,,,,,,,,,
monuseg,nnunet,2,2,TCGA-EJ-A46H-01A-03-TSC,0.659246563911438,0.3699130117893219,0.659246563911438,0.3699130117893219,,,,,,,,,,
monuseg,nnunet,2,2,TCGA-IZ-8196-01A-01-BS1,0.7689873576164246,0.4140850603580475,0.7689873576164246,0.4140850603580475,,,,,,,,,,
monuseg,nnunet,2,2,TCGA-AO-A0J2-01A-01-BSA,0.6219780445098877,0.3139442503452301,0.6219780445098877,0.3139442503452301,,,,,,,,,,
monuseg,nnunet,2,2,TCGA-A6-6782-01A-01-BS1,0.5834767818450928,0.26907071471214294,0.5834767818450928,0.26907071471214294,,,,,,,,,,
monuseg,nnunet,2,2,TCGA-ZF-A9R5-01A-01-TS1,0.7420494556427002,0.4270276427268982,0.7420494556427002,0.4270276427268982,,,,,,,,,,
monuseg,nnunet,2,2,TCGA-HC-7209-01A-01-TS1,0.6593673825263977,0.3489944636821747,0.6593673825263977,0.3489944636821747,,,,,,,,,,
monuseg,nnunet,2,2,TCGA-69-7764-01A-01-TS1,0.6442952752113342,0.3186473250389099,0.6442952752113342,0.3186473250389099,,,,,,,,,,
monuseg,nnunet,2,2,TCGA-44-2665-01B-06-BS6,0.681175172328949,0.35654330253601074,0.681175172328949,0.35654330253601074,,,,,,,,,,
monuseg,nnunet,2,2,TCGA-CU-A0YN-01A-02-BSB,0.6941457390785217,0.3761257529258728,0.6941457390785217,0.3761257529258728,,,,,,,,,,
monuseg,nnunet,2,2,TCGA-GL-6846-01A-01-BS1,0.7166276574134827,0.37801557779312134,0.7166276574134827,0.37801557779312134,,,,,,,,,,
monuseg,nnunet,2,2,TCGA-2Z-A9J9-01A-01-TS1,0.6038514375686646,0.3028445541858673,0.6038514375686646,0.3028445541858673,,,,,,,,,,
monuseg,nnunet,3,3,TCGA-AC-A2FO-01A-01-TS1,0.5781710743904114,0.21271014213562012,0.5781710743904114,0.21271014213562012,,,,,,,,,,
monuseg,nnunet,3,3,TCGA-HT-8564-01Z-00-DX1,0.5433070659637451,0.2593171000480652,0.5433070659637451,0.2593171000480652,,,,,,,,,,
monuseg,nnunet,3,3,TCGA-FG-A4MU-01B-01-TS1,0.6495575308799744,0.35018190741539,0.6495575308799744,0.35018190741539,,,,,,,,,,
monuseg,nnunet,3,3,TCGA-EJ-A46H-01A-03-TSC,0.6730104088783264,0.3680723309516907,0.6730104088783264,0.3680723309516907,,,,,,,,,,
monuseg,nnunet,3,3,TCGA-IZ-8196-01A-01-BS1,0.7610062956809998,0.4078741669654846,0.7610062956809998,0.4078741669654846,,,,,,,,,,
monuseg,nnunet,3,3,TCGA-AO-A0J2-01A-01-BSA,0.6143791079521179,0.3067595064640045,0.6143791079521179,0.3067595064640045,,,,,,,,,,
monuseg,nnunet,3,3,TCGA-A6-6782-01A-01-BS1,0.5866209268569946,0.2659132182598114,0.5866209268569946,0.2659132182598114,,,,,,,,,,
monuseg,nnunet,3,3,TCGA-ZF-A9R5-01A-01-TS1,0.7179930806159973,0.41697368025779724,0.7179930806159973,0.41697368025779724,,,,,,,,,,
monuseg,nnunet,3,3,TCGA-HC-7209-01A-01-TS1,0.675544798374176,0.3501751720905304,0.675544798374176,0.3501751720905304,,,,,,,,,,
monuseg,nnunet,3,3,TCGA-69-7764-01A-01-TS1,0.6326194405555725,0.30913519859313965,0.6326194405555725,0.30913519859313965,,,,,,,,,,
monuseg,nnunet,3,3,TCGA-44-2665-01B-06-BS6,0.7208791375160217,0.3664391040802002,0.7208791375160217,0.3664391040802002,,,,,,,,,,
monuseg,nnunet,3,3,TCGA-CU-A0YN-01A-02-BSB,0.706875741481781,0.37605756521224976,0.706875741481781,0.37605756521224976,,,,,,,,,,
monuseg,nnunet,3,3,TCGA-GL-6846-01A-01-BS1,0.6734693646430969,0.35924041271209717,0.6734693646430969,0.35924041271209717,,,,,,,,,,
monuseg,nnunet,3,3,TCGA-2Z-A9J9-01A-01-TS1,0.5961272716522217,0.30010557174682617,0.5961272716522217,0.30010557174682617,,,,,,,,,,
conic,deepflash2,1,1,dpath_8,0.27906978130340576,0.1487542688846588,0.5056219100952148,0.3124443590641022,0.7018393278121948,0.38738590478897095,0.6831169128417969,0.4921666979789734,0.5177664756774902,0.37557363510131836,0.2432432472705841,0.08269516378641129,0.6086956262588501,0.3880903422832489
conic,deepflash2,1,1,dpath_11,0.0,0.0,0.5310950875282288,0.3429616391658783,0.6868131756782532,0.3258734941482544,0.7450000047683716,0.5805550217628479,0.5927272439002991,0.4398101270198822,0.5263158082962036,0.29748597741127014,0.6357142925262451,0.41404518485069275
conic,deepflash2,1,1,dpath_12,0.19108280539512634,0.09777052700519562,0.4884051978588104,0.3004431426525116,0.5152722597122192,0.2378777265548706,0.7540189027786255,0.5490629076957703,0.33907055854797363,0.23445260524749756,0.46483179926872253,0.26175403594970703,0.6661548018455505,0.4217410683631897
conic,deepflash2,1,1,dpath_17,0.0,0.0,0.4440106451511383,0.2863738536834717,0.7128279805183411,0.37574854493141174,0.73209547996521,0.524501621723175,0.4655172526836395,0.34560132026672363,0.1666666716337204,0.10438597202301025,0.5869565010070801,0.368005633354187
conic,deepflash2,1,1,dpath_21,0.0,0.0,0.4281925857067108,0.2776249051094055,0.7395263910293579,0.39113539457321167,0.8191414475440979,0.5871443748474121,0.37755101919174194,0.28441885113716125,0.0,0.0,0.6329365372657776,0.40305081009864807
conic,deepflash2,1,1,dpath_22,0.14173229038715363,0.07355580478906631,0.45252206921577454,0.2869130074977875,0.7835051417350769,0.4494791030883789,0.6664012670516968,0.47270336747169495,0.3348017632961273,0.22509810328483582,0.23076923191547394,0.152747243642807,0.5579227805137634,0.3478944003582001
conic,deepflash2,1,1,dpath_24,,,0.5017026662826538,0.3297201991081238,0.7239436507225037,0.3880646824836731,0.6643258333206177,0.5044814944267273,0.5510948896408081,0.3832273483276367,0.0,0.0,0.5691489577293396,0.37282752990722656
conic,deepflash2,1,1,dpath_31,0.0,0.0,0.3791341781616211,0.2466316819190979,0.6840391159057617,0.3776068687438965,0.71100914478302,0.514055073261261,0.12121212482452393,0.08638401329517365,0.11764705926179886,0.06975723803043365,0.6408977508544922,0.4319869577884674
conic,deepflash2,1,1,dpath_33,0.1756756752729416,0.09848277270793915,0.47914445400238037,0.3159692585468292,0.6856810450553894,0.3718685507774353,0.6918238997459412,0.5063468217849731,0.4677419364452362,0.33159205317497253,0.20000000298023224,0.14000001549720764,0.6539440155029297,0.4475252628326416
conic,deepflash2,1,1,dpath_34,,,0.6189204454421997,0.3999599814414978,0.7253839373588562,0.3716042637825012,0.8082437515258789,0.6292557716369629,0.41558441519737244,0.3065227270126343,0.5,0.25999999046325684,0.6453900933265686,0.4324173331260681
conic,deepflash2,1,1,dpath_40,0.0,0.0,0.4248999059200287,0.26844650506973267,0.7203196287155151,0.3585604131221771,0.7896528244018555,0.5705919861793518,0.45528456568717957,0.31302183866500854,0.0,0.0,0.5841423869132996,0.3685048520565033
conic,deepflash2,1,1,dpath_48,0.24637681245803833,0.1111205592751503,0.4763909876346588,0.27837440371513367,0.6315261125564575,0.3060276210308075,0.6379562020301819,0.47111040353775024,0.36994218826293945,0.2454836368560791,0.3684210479259491,0.17014102637767792,0.6041237115859985,0.3663631081581116
conic,deepflash2,1,1,dpath_52,0.0,0.0,0.39364179968833923,0.25466346740722656,0.6605839133262634,0.29513710737228394,0.5220588445663452,0.39967504143714905,0.5486111044883728,0.38534435629844666,0.0,0.0,0.6305969953536987,0.4478241801261902
conic,deepflash2,1,1,dpath_56,,,0.5243077874183655,0.33022981882095337,0.7017819881439209,0.3990163803100586,0.6682464480400085,0.4943108558654785,0.36090224981307983,0.23212644457817078,,,0.3663003742694855,0.19546553492546082
conic,deepflash2,1,1,dpath_65,0.4526315927505493,0.17518305778503418,0.5388584733009338,0.3329606354236603,0.6718446612358093,0.36044713854789734,0.69140625,0.5324406027793884,0.5142857432365417,0.40952426195144653,0.38461539149284363,0.18000927567481995,0.518367350101471,0.34015950560569763
conic,deepflash2,1,1,glas_11,1.0,0.800000011920929,0.6772255897521973,0.44209858775138855,0.7622047066688538,0.43751540780067444,0.6779661178588867,0.5228880643844604,0.4956521689891815,0.36844921112060547,0.5,0.13750000298023224,0.6275303363800049,0.38623857498168945
conic,deepflash2,1,1,glas_12,0.0,0.0,0.3996502161026001,0.22291159629821777,0.5870967507362366,0.2865357995033264,0.7586891651153564,0.4812639653682709,0.2195121943950653,0.1418517380952835,0.39024388790130615,0.1792575865983963,0.44235923886299133,0.24856050312519073
conic,deepflash2,1,1,glas_16,,,0.4600159525871277,0.27644771337509155,0.545034646987915,0.2606378495693207,0.707317054271698,0.4774099886417389,0.1304347813129425,0.09059420228004456,0.2857142984867096,0.20000000298023224,0.6315789222717285,0.35359659790992737
conic,deepflash2,1,1,glas_18,0.0,0.0,0.34936657547950745,0.21479077637195587,0.7116788029670715,0.40721362829208374,0.5609756112098694,0.3936552405357361,0.0,0.0,,,0.47417840361595154,0.2730850577354431
conic,deepflash2,1,1,glas_29,0.0,0.0,0.4899415075778961,0.3136197030544281,0.7581967115402222,0.402657687664032,0.7195122241973877,0.5347017049789429,0.611940324306488,0.4288111627101898,0.25,0.13611111044883728,0.6000000238418579,0.3794364333152771
conic,deepflash2,1,1,glas_32,0.0,0.0,0.4791083335876465,0.30023932456970215,0.7529069781303406,0.4493090510368347,0.7777777910232544,0.5744861960411072,0.4150943458080292,0.2938951551914215,0.3199999928474426,0.11685460805892944,0.6088709831237793,0.3668908476829529
conic,deepflash2,1,1,glas_41,,,0.5028834342956543,0.3116307854652405,0.7041742205619812,0.3685656189918518,0.6190476417541504,0.4489145874977112,0.0,0.0,,,0.6883116960525513,0.42904290556907654
conic,deepflash2,1,1,glas_45,0.0,0.0,0.4032305181026459,0.23648490011692047,0.6556927561759949,0.35675373673439026,0.7108843326568604,0.49677354097366333,0.1818181872367859,0.10707899183034897,0.4166666567325592,0.22130036354064941,0.4543209969997406,0.23700276017189026
conic,deepflash2,1,1,glas_46,,,0.39368677139282227,0.23008665442466736,0.6000000238418579,0.2811906933784485,0.7363636493682861,0.5314256548881531,0.11764705926179886,0.09346405416727066,0.0,0.0,0.5144230723381042,0.24435286223888397
conic,deepflash2,1,1,glas_51,0.0,0.0,0.29728829860687256,0.17224259674549103,0.5161290168762207,0.24016165733337402,0.707317054271698,0.47684869170188904,0.0,0.0,0.0,0.0,0.5602836608886719,0.3164452016353607
conic,deepflash2,1,1,glas_59,0.0,0.0,0.3408101201057434,0.19978126883506775,0.5658153295516968,0.26467686891555786,0.5882353186607361,0.4575464129447937,0.0,0.0,,,0.550000011920929,0.2766830623149872
conic,deepflash2,1,1,glas_60,0.0,0.0,0.3687402307987213,0.21563541889190674,0.6758104562759399,0.34353673458099365,0.5471698045730591,0.35417506098747253,0.06666667014360428,0.0533333346247673,,,0.5540540814399719,0.32713189721107483
conic,deepflash2,1,1,consep_3,0.0,0.0,0.4819149374961853,0.22471928596496582,,,0.7290322780609131,0.47323164343833923,0.190476194024086,0.1113848090171814,1.0,0.30000001192092896,0.4900662302970886,0.2389800101518631
conic,deepflash2,1,1,consep_6,,,0.46138691902160645,0.2613796293735504,0.621761679649353,0.3457649052143097,0.6067415475845337,0.33268389105796814,0.523809552192688,0.29592785239219666,0.0,0.0,0.5546218752861023,0.3325214982032776
conic,deepflash2,1,1,consep_9,0.25,0.17499999701976776,0.1742788553237915,0.09315598011016846,,,0.0625,0.01875000074505806,0.0,0.0,,,0.38461539149284363,0.1788739264011383
conic,deepflash2,1,1,consep_10,,,0.6777558326721191,0.4333076477050781,0.5211970210075378,0.25824639201164246,0.6129032373428345,0.3698750138282776,1.0,0.7333333492279053,,,0.5769230723381042,0.3717758059501648
conic,deepflash2,1,1,pannuke_2,,,0.34856271743774414,0.20777054131031036,0.6585366129875183,0.37231355905532837,0.2857142984867096,0.22789330780506134,0.0,0.0,,,0.44999998807907104,0.23087532818317413
conic,deepflash2,1,1,pannuke_11,,,0.777512788772583,0.4967784583568573,,,0.7721518874168396,0.5138096213340759,0.7777777910232544,0.5041177272796631,,,0.782608687877655,0.4724079668521881
conic,deepflash2,1,1,pannuke_13,,,0.42296814918518066,0.22091329097747803,0.6081081032752991,0.2799348831176758,0.4871794879436493,0.2771836519241333,0.37142857909202576,0.22878897190093994,0.23076923191547394,0.1178022027015686,0.41735535860061646,0.2008567750453949
conic,deepflash2,1,1,pannuke_15,0.0,0.0,0.2995254695415497,0.15446244180202484,0.5969868302345276,0.28881606459617615,0.3179190754890442,0.14595918357372284,0.4904943108558655,0.24003426730632782,0.0,0.0,0.39175257086753845,0.25196513533592224
conic,deepflash2,1,1,pannuke_20,0.0,0.0,0.5388889312744141,0.2561996281147003,,,0.6000000238418579,0.38589411973953247,1.0,0.3700000047683716,,,0.5555555820465088,0.2689044177532196
conic,deepflash2,1,1,crag_2,0.0,0.0,0.48170241713523865,0.3044966757297516,0.6577698588371277,0.373832643032074,0.7495396137237549,0.5395463705062866,0.465753436088562,0.3391769826412201,0.4000000059604645,0.17344988882541656,0.6171516180038452,0.40097418427467346
conic,deepflash2,1,1,crag_19,0.0,0.0,0.5212083458900452,0.323634535074234,0.6272425055503845,0.30686432123184204,0.663780689239502,0.47928208112716675,0.6107382774353027,0.4344249367713928,0.554347813129425,0.2890205979347229,0.6711409687995911,0.43221545219421387
conic,deepflash2,1,1,crag_22,0.2278480976819992,0.10434778779745102,0.331068217754364,0.20131754875183105,0.7260069847106934,0.4293164312839508,0.5680751204490662,0.39791542291641235,0.03999999910593033,0.019999999552965164,0.0,0.0,0.4244791567325592,0.25632572174072266
conic,deepflash2,1,1,crag_25,0.0,0.0,0.5477303266525269,0.2881227731704712,0.6692073345184326,0.35554039478302,0.625,0.4406256079673767,1.0,0.4000000059604645,,,0.4444444477558136,0.24444782733917236
conic,deepflash2,1,1,crag_27,0.0,0.0,0.5223261713981628,0.3166423738002777,0.6991018056869507,0.3696230351924896,0.4816626012325287,0.351330429315567,0.5075757503509521,0.3550591766834259,0.7272727489471436,0.38268885016441345,0.7183441519737244,0.44115281105041504
conic,deepflash2,1,1,crag_30,0.4375,0.20563502609729767,0.5038824677467346,0.3171082139015198,0.7782056331634521,0.4708832800388336,0.5367761850357056,0.3709273934364319,0.5200573205947876,0.361531138420105,0.1428571492433548,0.11428572237491608,0.607898473739624,0.37938663363456726
conic,deepflash2,1,1,crag_33,0.0,0.0,0.3071117103099823,0.1816444844007492,0.6470397114753723,0.3139382302761078,0.5120000243186951,0.34287410974502563,0.0833333358168602,0.05833333730697632,0.0,0.0,0.6002971529960632,0.3747211694717407
conic,deepflash2,1,1,crag_44,0.24626865983009338,0.1324400007724762,0.3941170275211334,0.23920364677906036,0.6937046051025391,0.3898743987083435,0.4279835522174835,0.2842174470424652,0.40625,0.2642509341239929,0.0,0.0,0.5904954671859741,0.36443907022476196
conic,deepflash2,1,1,crag_48,0.18584071099758148,0.094346784055233,0.483646422624588,0.2606930136680603,0.6511397361755371,0.34489676356315613,0.6091644167900085,0.4147670269012451,0.20930232107639313,0.15184958279132843,0.6000000238418579,0.16285714507102966,0.6464315056800842,0.3954407274723053
conic,deepflash2,1,1,crag_54,0.0,0.0,0.2482549399137497,0.14143230020999908,0.7009493708610535,0.41949400305747986,0.18518517911434174,0.10669586807489395,0.0,0.0,,,0.35514017939567566,0.18097160756587982
conic,deepflash2,1,1,crag_58,0.20000000298023224,0.11636364459991455,0.33048632740974426,0.19910508394241333,0.6782752871513367,0.3955053389072418,0.4464285671710968,0.29299935698509216,0.1666666716337204,0.12775178253650665,0.0,0.0,0.49154746532440186,0.2620103657245636
conic,deepflash2,1,1,crag_64,0.125,0.032346151769161224,0.402826189994812,0.23163290321826935,0.565040647983551,0.28486454486846924,0.6764091849327087,0.45033034682273865,0.2380952388048172,0.16290581226348877,0.1875,0.09335103631019592,0.6249120235443115,0.36599963903427124
conic,deepflash2,2,2,dpath_8,0.23404255509376526,0.12687551975250244,0.4876144826412201,0.3111349642276764,0.7057115435600281,0.3916218876838684,0.6949806809425354,0.5060769319534302,0.5263158082962036,0.3819507956504822,0.15789473056793213,0.0766330361366272,0.6067415475845337,0.3836517930030823
conic,deepflash2,2,2,dpath_11,0.0,0.0,0.5181068778038025,0.33604779839515686,0.6901408433914185,0.32707837224006653,0.7269790172576904,0.5699136257171631,0.5607143044471741,0.42971715331077576,0.5,0.29032960534095764,0.6308068633079529,0.39924806356430054
conic,deepflash2,2,2,dpath_12,0.16326530277729034,0.08384712785482407,0.4817880690097809,0.29819008708000183,0.5074365735054016,0.23822633922100067,0.7676162123680115,0.5602137446403503,0.35728156566619873,0.23931705951690674,0.4384858012199402,0.24830453097820282,0.6566431522369385,0.4192318916320801
conic,deepflash2,2,2,dpath_17,0.0,0.0,0.45194366574287415,0.29104340076446533,0.7063953280448914,0.37282654643058777,0.7532467246055603,0.5386554598808289,0.4711538553237915,0.3510591387748718,0.1764705926179886,0.1039215698838234,0.6043956279754639,0.3797978162765503
conic,deepflash2,2,2,dpath_21,0.0,0.0,0.43102526664733887,0.28016144037246704,0.7305606007575989,0.39153945446014404,0.8130646347999573,0.5867071747779846,0.410526305437088,0.28980568051338196,0.0,0.0,0.6320000290870667,0.4129163324832916
conic,deepflash2,2,2,dpath_22,0.12903225421905518,0.06333287060260773,0.4291415214538574,0.27128279209136963,0.7751824855804443,0.44642043113708496,0.6554364562034607,0.465789794921875,0.2710280418395996,0.1887304186820984,0.1666666716337204,0.11538462340831757,0.5775034427642822,0.34803861379623413
conic,deepflash2,2,2,dpath_24,,,0.5073645710945129,0.33004164695739746,0.7419354915618896,0.39699995517730713,0.6616848111152649,0.4983915388584137,0.5298507213592529,0.36579063534736633,0.0,0.0,0.6033519506454468,0.38902613520622253
conic,deepflash2,2,2,dpath_31,0.0,0.0,0.38036319613456726,0.24820397794246674,0.6846405267715454,0.3886542022228241,0.7345399856567383,0.5163671374320984,0.125,0.08962184935808182,0.08571428805589676,0.05365508794784546,0.6522842645645142,0.44092559814453125
conic,deepflash2,2,2,dpath_33,0.20779220759868622,0.11572359502315521,0.48435521125793457,0.3150444030761719,0.6856810450553894,0.3705211877822876,0.7006269693374634,0.5051513910293579,0.4065040647983551,0.30366259813308716,0.25,0.15000000596046448,0.6555269956588745,0.4452076852321625
conic,deepflash2,2,2,dpath_34,,,0.6130450963973999,0.3971392810344696,0.7218722105026245,0.3722914457321167,0.813829779624939,0.6338722705841064,0.3866666555404663,0.2938264310359955,0.5,0.25,0.6428571343421936,0.4357062876224518
conic,deepflash2,2,2,dpath_40,0.0,0.0,0.4064220190048218,0.25712499022483826,0.7118644118309021,0.3572466969490051,0.7857142686843872,0.5672231912612915,0.347457617521286,0.24766936898231506,0.0,0.0,0.5934959053993225,0.3706105947494507
conic,deepflash2,2,2,dpath_48,0.21052631735801697,0.11143354326486588,0.46662843227386475,0.274808406829834,0.6401209831237793,0.3084264397621155,0.6253520846366882,0.4713311791419983,0.35151514410972595,0.22273409366607666,0.37837839126586914,0.17173810303211212,0.5938775539398193,0.3631870150566101
conic,deepflash2,2,2,dpath_52,0.0,0.0,0.4035358726978302,0.2611723840236664,0.6845018267631531,0.30710312724113464,0.54347825050354,0.4193580746650696,0.5492957830429077,0.38828882575035095,0.0,0.0,0.6439393758773804,0.4522842764854431
conic,deepflash2,2,2,dpath_56,,,0.5187789797782898,0.3269030451774597,0.7102605104446411,0.4040113389492035,0.6490825414657593,0.48301082849502563,0.35606059432029724,0.2307484894990921,,,0.35971224308013916,0.18984149396419525
conic,deepflash2,2,2,dpath_65,0.44415584206581116,0.16686563193798065,0.5417274832725525,0.33308351039886475,0.6819066405296326,0.36776015162467957,0.6801541447639465,0.5198379755020142,0.5481481552124023,0.4176000952720642,0.36000001430511475,0.16887816786766052,0.5360000133514404,0.3575591444969177
conic,deepflash2,2,2,glas_11,1.0,0.699999988079071,0.6973658204078674,0.43041467666625977,0.7666666507720947,0.44214582443237305,0.6916666626930237,0.5256662964820862,0.5258620977401733,0.3771994113922119,0.6000000238418579,0.1600000113248825,0.6000000238418579,0.37747639417648315
conic,deepflash2,2,2,glas_12,0.0,0.0,0.389627069234848,0.21561308205127716,0.5820512771606445,0.28572869300842285,0.7443461418151855,0.472189724445343,0.1538461595773697,0.10419581085443497,0.4285714328289032,0.19017371535301208,0.4289473593235016,0.2413906306028366
conic,deepflash2,2,2,glas_16,,,0.48714494705200195,0.30234548449516296,0.5717647075653076,0.27294257283210754,0.7037037014961243,0.46346646547317505,0.25,0.1923913061618805,0.3333333432674408,0.24761906266212463,0.5769230723381042,0.3353080451488495
conic,deepflash2,2,2,glas_18,0.0,0.0,0.3810977339744568,0.24213197827339172,0.7080292105674744,0.40379342436790466,0.6052631735801697,0.4172322750091553,0.1428571492433548,0.12857143580913544,,,0.44933921098709106,0.2610626518726349
conic,deepflash2,2,2,glas_29,0.0,0.0,0.5134740471839905,0.33024027943611145,0.7654321193695068,0.4097529947757721,0.7225610017776489,0.5329664945602417,0.6377952694892883,0.45734214782714844,0.3333333432674408,0.19151516258716583,0.6217228174209595,0.389864981174469
conic,deepflash2,2,2,glas_32,0.0,0.0,0.4726294279098511,0.2989281713962555,0.7373737096786499,0.44060707092285156,0.7764227390289307,0.5733598470687866,0.4423076808452606,0.3048768639564514,0.26923078298568726,0.10319612175226212,0.6104417443275452,0.37152907252311707
conic,deepflash2,2,2,glas_41,,,0.6186703443527222,0.40686625242233276,0.6976320743560791,0.36007362604141235,0.6499999761581421,0.47609442472457886,0.5,0.4000000059604645,,,0.6270492076873779,0.39129701256752014
conic,deepflash2,2,2,glas_45,0.0,0.0,0.3950960636138916,0.23072265088558197,0.67128986120224,0.3577579855918884,0.7072758078575134,0.5019775629043579,0.1690140813589096,0.08342131227254868,0.3571428656578064,0.19970649480819702,0.46585366129875183,0.24147255718708038
conic,deepflash2,2,2,glas_46,,,0.39341092109680176,0.2351733148097992,0.6038095355033875,0.2862227261066437,0.7342342138290405,0.5338595509529114,0.1111111119389534,0.09941519796848297,0.0,0.0,0.517899751663208,0.25636905431747437
conic,deepflash2,2,2,glas_51,0.0,0.0,0.3076952397823334,0.17886900901794434,0.5214408040046692,0.2355659306049347,0.726190447807312,0.4893893301486969,0.0,0.0,0.0,0.0,0.5985401272773743,0.34825876355171204
conic,deepflash2,2,2,glas_59,0.0,0.0,0.3434000015258789,0.20020385086536407,0.5720000267028809,0.25960254669189453,0.625,0.46355780959129333,0.0,0.0,,,0.5199999809265137,0.27785882353782654
conic,deepflash2,2,2,glas_60,0.0,0.0,0.3691929280757904,0.21584787964820862,0.6650124192237854,0.33939483761787415,0.5428571701049805,0.3717058300971985,0.0714285746216774,0.05000000074505806,,,0.5666666626930237,0.31813859939575195
conic,deepflash2,2,2,consep_3,0.0,0.0,0.4770703911781311,0.19643667340278625,,,0.7232704162597656,0.45761680603027344,0.1818181872367859,0.08235572278499603,1.0,0.20000000298023224,0.4802631437778473,0.24221083521842957
conic,deepflash2,2,2,consep_6,,,0.4676365852355957,0.2466701716184616,0.6473684310913086,0.3401702344417572,0.5806451439857483,0.30933523178100586,0.5,0.22844012081623077,0.0,0.0,0.6101694703102112,0.3554052412509918
conic,deepflash2,2,2,consep_9,0.6000000238418579,0.2752380967140198,0.30161064863204956,0.14593029022216797,,,0.2142857164144516,0.1257142871618271,0.0,0.0,,,0.3921568691730499,0.18276876211166382
conic,deepflash2,2,2,consep_10,,,0.6770502924919128,0.43125975131988525,0.5238693356513977,0.2551394999027252,0.6129032373428345,0.3712022006511688,1.0,0.7333333492279053,,,0.5714285969734192,0.3653640151023865
conic,deepflash2,2,2,pannuke_2,,,0.32332858443260193,0.19831052422523499,0.6569506525993347,0.3640702962875366,0.27272728085517883,0.20944957435131073,0.0,0.0,,,0.3636363744735718,0.2197222262620926
conic,deepflash2,2,2,pannuke_11,,,0.7554793953895569,0.48718616366386414,,,0.7594936490058899,0.4980432391166687,0.7777777910232544,0.5209577083587646,,,0.7291666865348816,0.4425574243068695
conic,deepflash2,2,2,pannuke_13,0.0,0.0,0.3682401478290558,0.1910661906003952,0.6041666865348816,0.26747411489486694,0.4749999940395355,0.29078203439712524,0.375,0.19538584351539612,0.3333333432674408,0.18901100754737854,0.4219409227371216,0.20374421775341034
conic,deepflash2,2,2,pannuke_15,0.0,0.0,0.3094368278980255,0.15432514250278473,0.6098484992980957,0.2834462523460388,0.32474225759506226,0.14350111782550812,0.4763779640197754,0.2361491620540619,0.0,0.0,0.44565218687057495,0.26285427808761597
conic,deepflash2,2,2,pannuke_20,0.0,0.0,0.6527777910232544,0.28581875562667847,,,0.7777777910232544,0.41383060812950134,1.0,0.3499999940395355,,,0.8333333134651184,0.3794444501399994
conic,deepflash2,2,2,crag_2,,,0.5955542325973511,0.3678574562072754,0.6482923626899719,0.3731759190559387,0.7540983557701111,0.5411165952682495,0.456620991230011,0.3377019762992859,0.5,0.18909090757369995,0.6187594532966614,0.39820194244384766
conic,deepflash2,2,2,crag_19,0.0,0.0,0.5162942409515381,0.32383233308792114,0.6248348951339722,0.30515068769454956,0.6780626773834229,0.4895828664302826,0.5787139534950256,0.4191821217536926,0.5483871102333069,0.2924423813819885,0.6677667498588562,0.4366361200809479
conic,deepflash2,2,2,crag_22,0.21917808055877686,0.11046268045902252,0.33040884137153625,0.20337741076946259,0.7329999804496765,0.43263477087020874,0.5674418807029724,0.3906654715538025,0.043478261679410934,0.03913043439388275,0.0,0.0,0.4193548262119293,0.24737104773521423
conic,deepflash2,2,2,crag_25,0.0,0.0,0.5581217408180237,0.31886550784111023,0.6641221642494202,0.3574267625808716,0.6399999856948853,0.38041743636131287,1.0,0.6000000238418579,,,0.4864864945411682,0.2564833462238312
conic,deepflash2,2,2,crag_27,0.0,0.0,0.4889669716358185,0.3036825954914093,0.6948148012161255,0.36610981822013855,0.4852216839790344,0.35610005259513855,0.49367088079452515,0.3539108335971832,0.5384615659713745,0.2996160387992859,0.7216326594352722,0.44635891914367676
conic,deepflash2,2,2,crag_30,0.46666666865348816,0.20134787261486053,0.5126935839653015,0.320732980966568,0.7733075618743896,0.47185173630714417,0.5394126772880554,0.373335063457489,0.5287187099456787,0.3708186745643616,0.1666666716337204,0.13333334028720856,0.6013888716697693,0.37371116876602173
conic,deepflash2,2,2,crag_33,0.0,0.0,0.2890890836715698,0.16813786327838898,0.6357119679450989,0.31034359335899353,0.4961240291595459,0.328235387802124,0.0,0.0,0.0,0.0,0.6026986241340637,0.3702481985092163
conic,deepflash2,2,2,crag_44,0.2222222238779068,0.09940572082996368,0.3845876157283783,0.2321360856294632,0.7013930678367615,0.3882298171520233,0.4238682985305786,0.2770484983921051,0.35820895433425903,0.2600190341472626,0.0,0.0,0.6018329858779907,0.36811333894729614
conic,deepflash2,2,2,crag_48,0.19780220091342926,0.1040312647819519,0.43979915976524353,0.249184250831604,0.6523904204368591,0.3465237021446228,0.6196808218955994,0.4252544045448303,0.19565217196941376,0.13860946893692017,0.3333333432674408,0.09047619998455048,0.6399358510971069,0.39021044969558716
conic,deepflash2,2,2,crag_54,0.0,0.0,0.24042996764183044,0.1409856230020523,0.6991999745368958,0.41331347823143005,0.1666666716337204,0.12303704023361206,0.0,0.0,,,0.3362831771373749,0.16857761144638062
conic,deepflash2,2,2,crag_58,0.20000000298023224,0.11636364459991455,0.3323928415775299,0.20252464711666107,0.6772046685218811,0.39664381742477417,0.4150943458080292,0.27902594208717346,0.22580644488334656,0.17028740048408508,0.0,0.0,0.47625160217285156,0.2528270184993744
conic,deepflash2,2,2,crag_64,0.0833333358168602,0.03700000047683716,0.3829704821109772,0.22975726425647736,0.5637118816375732,0.2853953540325165,0.6856539845466614,0.4601811468601227,0.18421052396297455,0.1483394354581833,0.15789473056793213,0.08251450955867767,0.6230186223983765,0.3651130795478821
conic,deepflash2,3,3,dpath_8,0.2857142984867096,0.12952296435832977,0.5117977261543274,0.3134678602218628,0.7010710835456848,0.3862228989601135,0.6891191601753235,0.5012506246566772,0.5103092789649963,0.37908226251602173,0.2631579041481018,0.08693735301494598,0.6214148998260498,0.3977909982204437
conic,deepflash2,3,3,dpath_11,0.0,0.0,0.540464460849762,0.3457688093185425,0.693989098072052,0.32924404740333557,0.7437604069709778,0.5804228186607361,0.5940959453582764,0.4477670192718506,0.5675675868988037,0.29865917563438416,0.6433734893798828,0.4185197949409485
conic,deepflash2,3,3,dpath_12,0.1805555522441864,0.08064316213130951,0.49373796582221985,0.30166664719581604,0.5122276544570923,0.23991963267326355,0.7673885226249695,0.5623204112052917,0.3458646535873413,0.23432990908622742,0.4866666793823242,0.26362374424934387,0.6697247624397278,0.4291631579399109
conic,deepflash2,3,3,dpath_17,0.0,0.0,0.4564656913280487,0.2870080769062042,0.718772828578949,0.3738687336444855,0.7645502686500549,0.5381096601486206,0.43809524178504944,0.3282110095024109,0.25,0.10820432752370834,0.567375898361206,0.37365487217903137
conic,deepflash2,3,3,dpath_21,0.0,0.0,0.4416389465332031,0.28694191575050354,0.7367458939552307,0.3894656300544739,0.8230714797973633,0.5937708616256714,0.43617022037506104,0.31184718012809753,0.0,0.0,0.6538461446762085,0.42656785249710083
conic,deepflash2,3,3,dpath_22,0.12903225421905518,0.06810840964317322,0.4527986943721771,0.27649936079978943,0.784023642539978,0.44425803422927856,0.6685039401054382,0.47828736901283264,0.303964763879776,0.20538511872291565,0.25,0.1021978035569191,0.581267237663269,0.3607596457004547
conic,deepflash2,3,3,dpath_24,,,0.5061510801315308,0.33156582713127136,0.7170686721801758,0.38759857416152954,0.6619915962219238,0.5014990568161011,0.5565862655639648,0.388017475605011,0.0,0.0,0.595108687877655,0.3807140290737152
conic,deepflash2,3,3,dpath_31,0.0,0.0,0.3905925452709198,0.255429744720459,0.6894308924674988,0.38745632767677307,0.7445482611656189,0.5344606637954712,0.17391304671764374,0.1144113764166832,0.0882352963089943,0.046722687780857086,0.6474278569221497,0.4495275616645813
conic,deepflash2,3,3,dpath_33,0.1764705926179886,0.107516348361969,0.4767118990421295,0.3181239664554596,0.6748538017272949,0.3709215521812439,0.7060703039169312,0.5131044387817383,0.420634925365448,0.30868008732795715,0.25,0.17499999701976776,0.6322417855262756,0.4335213601589203
conic,deepflash2,3,3,dpath_34,,,0.6270869970321655,0.3947180509567261,0.7153153419494629,0.3761788606643677,0.828519880771637,0.6449712514877319,0.4225352108478546,0.32682257890701294,0.5,0.17000000178813934,0.6690647602081299,0.45561766624450684
conic,deepflash2,3,3,dpath_40,0.0,0.0,0.4171667993068695,0.26670604944229126,0.7152542471885681,0.3600064218044281,0.7881066203117371,0.5759269595146179,0.40799999237060547,0.2873242497444153,0.0,0.0,0.5916398763656616,0.3769787549972534
conic,deepflash2,3,3,dpath_48,0.2153846174478531,0.1089152842760086,0.4612996280193329,0.2813866436481476,0.6511628031730652,0.31498369574546814,0.645680844783783,0.48406273126602173,0.3478260934352875,0.24897220730781555,0.27659574151039124,0.15222272276878357,0.631147563457489,0.37916314601898193
conic,deepflash2,3,3,dpath_52,0.0,0.0,0.40824243426322937,0.26215997338294983,0.6838235259056091,0.3000069260597229,0.5447761416435242,0.410149484872818,0.568345308303833,0.40549540519714355,0.0,0.0,0.6525096297264099,0.4573080539703369
conic,deepflash2,3,3,dpath_56,,,0.5396470427513123,0.34092992544174194,0.7086446285247803,0.4028002619743347,0.7061728239059448,0.5199092626571655,0.37735849618911743,0.24538329243659973,,,0.3664122223854065,0.1956268846988678
conic,deepflash2,3,3,dpath_65,0.44413408637046814,0.17752483487129211,0.5438941121101379,0.3347378969192505,0.6813725233078003,0.36445778608322144,0.697265625,0.538120687007904,0.5441176295280457,0.42951759696006775,0.37037035822868347,0.15546844899654388,0.5261043906211853,0.34333792328834534
conic,deepflash2,3,3,glas_11,1.0,0.699999988079071,0.6884545683860779,0.4316389560699463,0.7746031880378723,0.4439890384674072,0.6969696879386902,0.5216490030288696,0.5504587292671204,0.40122073888778687,0.5,0.14107142388820648,0.6086956262588501,0.38190367817878723
conic,deepflash2,3,3,glas_12,0.0,0.0,0.3782712519168854,0.20500974357128143,0.5851755738258362,0.28110748529434204,0.7545271515846252,0.4826558530330658,0.15000000596046448,0.08203093707561493,0.3414634168148041,0.1375240683555603,0.4384615421295166,0.24674014747142792
conic,deepflash2,3,3,glas_16,,,0.4865638315677643,0.3006523847579956,0.5669856667518616,0.2715364396572113,0.6625000238418579,0.46095791459083557,0.25,0.17179088294506073,0.3333333432674408,0.24761906266212463,0.6200000047683716,0.3513576090335846
conic,deepflash2,3,3,glas_18,0.0,0.0,0.36186346411705017,0.21714606881141663,0.7343173623085022,0.41783013939857483,0.6285714507102966,0.4012259542942047,0.0,0.0,,,0.4464285671710968,0.2666742503643036
conic,deepflash2,3,3,glas_29,0.0,0.0,0.49889132380485535,0.31451892852783203,0.7720739245414734,0.4103507101535797,0.7230769395828247,0.5390377044677734,0.6153846383094788,0.43960246443748474,0.25,0.0972222238779068,0.6328125,0.40090054273605347
conic,deepflash2,3,3,glas_32,0.0,0.0,0.4577126204967499,0.28718850016593933,0.75620436668396,0.45258840918540955,0.7704917788505554,0.5588573217391968,0.43689319491386414,0.2863033711910248,0.14814814925193787,0.04550447314977646,0.6345381736755371,0.3798774778842926
conic,deepflash2,3,3,glas_41,,,0.49707168340682983,0.30522382259368896,0.7192660570144653,0.37029507756233215,0.5909090638160706,0.43310245871543884,0.0,0.0,,,0.6781116127967834,0.41749781370162964
conic,deepflash2,3,3,glas_45,0.0,0.0,0.3925422430038452,0.2356315404176712,0.6630136966705322,0.36156904697418213,0.7024221420288086,0.497744083404541,0.1265822798013687,0.08306097984313965,0.4000000059604645,0.22077906131744385,0.4632352888584137,0.2506360411643982
conic,deepflash2,3,3,glas_46,,,0.40061110258102417,0.2324051409959793,0.5980952382087708,0.2837604582309723,0.75,0.5224539041519165,0.11764705926179886,0.0990196093916893,0.0,0.0,0.5373134613037109,0.25679177045822144
conic,deepflash2,3,3,glas_51,0.0,0.0,0.3024170398712158,0.17335821688175201,0.5199306607246399,0.23778316378593445,0.7283950448036194,0.4682587683200836,0.0,0.0,0.0,0.0,0.5661764740943909,0.3341074287891388
conic,deepflash2,3,3,glas_59,0.0,0.0,0.40342435240745544,0.22596290707588196,0.5524752736091614,0.25909632444381714,0.9090909361839294,0.5879738926887512,0.0,0.0,,,0.5555555820465088,0.28274428844451904
conic,deepflash2,3,3,glas_60,0.0,0.0,0.38194984197616577,0.22666731476783752,0.6770573854446411,0.34348341822624207,0.5148515105247498,0.35053741931915283,0.13333334028720856,0.09958334267139435,,,0.5845070481300354,0.3397323191165924
conic,deepflash2,3,3,consep_3,0.0,0.0,0.48043879866600037,0.24409306049346924,,,0.7088607549667358,0.4530469477176666,0.20000000298023224,0.12426470220088959,1.0,0.4000000059604645,0.4933333396911621,0.24315373599529266
conic,deepflash2,3,3,consep_6,,,0.427573025226593,0.24269071221351624,0.664893627166748,0.3535953462123871,0.521276593208313,0.2957633137702942,0.3499999940395355,0.2176770269870758,0.0,0.0,0.6016949415206909,0.3464178442955017
conic,deepflash2,3,3,consep_9,0.20000000298023224,0.1599999964237213,0.18687500059604645,0.11488442867994308,,,0.1875,0.10886438190937042,0.0,0.0,,,0.36000001430511475,0.1906733214855194
conic,deepflash2,3,3,consep_10,,,0.6524400115013123,0.4159177541732788,0.5087500214576721,0.2528913915157318,0.5454545617103577,0.34453636407852173,1.0,0.7333333492279053,,,0.5555555820465088,0.3329099416732788
conic,deepflash2,3,3,pannuke_2,,,0.3466225862503052,0.21062447130680084,0.6797235012054443,0.3809799551963806,0.2857142984867096,0.21923944354057312,0.0,0.0,,,0.42105263471603394,0.24227853119373322
conic,deepflash2,3,3,pannuke_11,,,0.7323512434959412,0.47682902216911316,,,0.7195122241973877,0.48626405000686646,0.7222222089767456,0.4887657165527344,,,0.7553191781044006,0.45545729994773865
conic,deepflash2,3,3,pannuke_13,0.0,0.0,0.33349505066871643,0.17848651111125946,0.6095890402793884,0.2829962372779846,0.4675324559211731,0.29341959953308105,0.3636363744735718,0.21252372860908508,0.1428571492433548,0.07619048655033112,0.41735535860061646,0.2057890146970749
conic,deepflash2,3,3,pannuke_15,0.0,0.0,0.30987513065338135,0.1596815437078476,0.6097561120986938,0.28713980317115784,0.3060109317302704,0.14116555452346802,0.511904776096344,0.2578080892562866,0.0,0.0,0.43157893419265747,0.2719758152961731
conic,deepflash2,3,3,pannuke_20,0.0,0.0,0.59375,0.31878662109375,,,0.875,0.45169416069984436,0.6666666865348816,0.4749999940395355,,,0.8333333134651184,0.3484523892402649
conic,deepflash2,3,3,crag_2,0.0,0.0,0.4701404571533203,0.2983070909976959,0.6615017652511597,0.37472110986709595,0.7626168131828308,0.5451024174690247,0.4678899049758911,0.34492793679237366,0.30000001192092896,0.1228787899017334,0.6288343667984009,0.4022122323513031
conic,deepflash2,3,3,crag_19,0.0,0.0,0.5288411974906921,0.32779166102409363,0.6267372369766235,0.308482825756073,0.6876832842826843,0.5006952881813049,0.5995423197746277,0.4282951354980469,0.5824176073074341,0.28872090578079224,0.6766666769981384,0.4405558705329895
conic,deepflash2,3,3,crag_22,0.2876712381839752,0.13414371013641357,0.34641146659851074,0.20987468957901,0.7391742467880249,0.4339328408241272,0.5761904716491699,0.3998261094093323,0.0416666679084301,0.02916666865348816,0.0,0.0,0.43376624584198,0.26217880845069885
conic,deepflash2,3,3,crag_25,,,0.6863612532615662,0.3649906516075134,0.6586102843284607,0.35466304421424866,0.6666666865348816,0.4568784236907959,1.0,0.4000000059604645,,,0.42016807198524475,0.24842122197151184
conic,deepflash2,3,3,crag_27,0.0,0.0,0.4765540361404419,0.30557355284690857,0.6858407258987427,0.36443254351615906,0.5048543810844421,0.3658978044986725,0.49481865763664246,0.3485032021999359,0.4615384638309479,0.2987057566642761,0.7122719883918762,0.4559019207954407
conic,deepflash2,3,3,crag_30,0.4285714328289032,0.22460193932056427,0.5108852982521057,0.32857397198677063,0.7726227045059204,0.4737350046634674,0.5418006181716919,0.375143826007843,0.5437317490577698,0.3773382902145386,0.1666666716337204,0.13333334028720856,0.6119186282157898,0.3872913718223572
conic,deepflash2,3,3,crag_33,0.0,0.0,0.2934965491294861,0.1706974357366562,0.6465601325035095,0.3144412338733673,0.5078125,0.33900755643844604,0.0,0.0,0.0,0.0,0.6066066026687622,0.370735764503479
conic,deepflash2,3,3,crag_44,0.24799999594688416,0.12565255165100098,0.38865232467651367,0.23933039605617523,0.6966360807418823,0.3909650146961212,0.4170212745666504,0.2818429470062256,0.3731343150138855,0.26746875047683716,0.0,0.0,0.597122311592102,0.37005314230918884
conic,deepflash2,3,3,crag_48,0.20560747385025024,0.10648409277200699,0.4387059211730957,0.2612415552139282,0.6545820832252502,0.34455302357673645,0.6108108162879944,0.4146159291267395,0.17777778208255768,0.1235654354095459,0.3333333432674408,0.18095238506793976,0.6501240730285645,0.39727848768234253
conic,deepflash2,3,3,crag_54,0.0,0.0,0.23865707218647003,0.1375010460615158,0.6963434219360352,0.41569024324417114,0.1666666716337204,0.10359849035739899,0.0,0.0,,,0.3302752375602722,0.1682165563106537
conic,deepflash2,3,3,crag_58,0.375,0.1341666728258133,0.38387739658355713,0.21380293369293213,0.6789297461509705,0.3897849917411804,0.43396225571632385,0.2981014847755432,0.32258063554763794,0.19861724972724915,0.0,0.0,0.49279162287712097,0.2621471583843231
conic,deepflash2,3,3,crag_64,0.0,0.0,0.37546873092651367,0.22089838981628418,0.5694444179534912,0.2841355502605438,0.6864407062530518,0.4519680142402649,0.21917808055877686,0.15560616552829742,0.1515151560306549,0.06413981318473816,0.6262341141700745,0.3695407509803772
conic,nnunet,1,1,dpath_8,0.2222222238779068,0.14812147617340088,0.43660369515419006,0.2951291799545288,0.559849202632904,0.3142750859260559,0.6576687097549438,0.498556911945343,0.5046296119689941,0.3814976215362549,0.1388888955116272,0.06697247177362442,0.5363636612892151,0.36135154962539673
conic,nnunet,1,1,dpath_11,0.0,0.0,0.5287690758705139,0.35543206334114075,0.6084291338920593,0.2998797595500946,0.751724123954773,0.6024852395057678,0.5827338099479675,0.4455569386482239,0.5806451439857483,0.3236764073371887,0.6490825414657593,0.46099424362182617
conic,nnunet,1,1,dpath_12,0.1381578892469406,0.06735789030790329,0.4265625476837158,0.28315216302871704,0.34584563970565796,0.1657937467098236,0.7177080512046814,0.5456284284591675,0.30000001192092896,0.2232484072446823,0.41263940930366516,0.25638246536254883,0.645024299621582,0.44050201773643494
conic,nnunet,1,1,dpath_17,0.0,0.0,0.39115703105926514,0.2699053883552551,0.5325530171394348,0.2851174473762512,0.7648578882217407,0.5886685848236084,0.42268040776252747,0.3185521960258484,0.05882352963089943,0.03529411926865578,0.5680271983146667,0.3917999267578125
conic,nnunet,1,1,dpath_21,,,0.45159149169921875,0.29941490292549133,0.5936395525932312,0.3118477165699005,0.7373737096786499,0.5385611653327942,0.3038673996925354,0.2430366724729538,0.0,0.0,0.6230769157409668,0.4036289155483246
conic,nnunet,1,1,dpath_22,0.018018018454313278,0.0062982626259326935,0.3707074224948883,0.24569612741470337,0.6801736354827881,0.40771040320396423,0.6198830604553223,0.45813125371932983,0.3034188151359558,0.21647605299949646,0.07692307978868484,0.030769232660531998,0.5258278250694275,0.3547914922237396
conic,nnunet,1,1,dpath_24,,,0.4297536313533783,0.2932082712650299,0.6736640930175781,0.3711426258087158,0.6047337055206299,0.4721394181251526,0.37037035822868347,0.27569282054901123,0.0,0.0,0.5,0.3470664620399475
conic,nnunet,1,1,dpath_31,,,0.4585941433906555,0.3096295893192291,0.6801242232322693,0.39200320839881897,0.6908283829689026,0.5015159845352173,0.10769230872392654,0.08570443838834763,0.2368421107530594,0.16242016851902008,0.5774834156036377,0.40650421380996704
conic,nnunet,1,1,dpath_33,0.1964285671710968,0.10350662469863892,0.47020530700683594,0.32253947854042053,0.521836519241333,0.2880227267742157,0.6913183331489563,0.5116320252418518,0.4330708682537079,0.3495821952819824,0.3333333432674408,0.23333334922790527,0.6452442407608032,0.44916003942489624
conic,nnunet,1,1,dpath_34,,,0.47968369722366333,0.3385988771915436,0.5709342360496521,0.3108169734477997,0.7587476968765259,0.6113611459732056,0.2989690601825714,0.25073570013046265,0.20000000298023224,0.12000000476837158,0.569767415523529,0.4000806212425232
conic,nnunet,1,1,dpath_40,0.0,0.0,0.3750462830066681,0.24318194389343262,0.559684693813324,0.28579866886138916,0.7473309636116028,0.5353056788444519,0.37593984603881836,0.26463285088539124,0.0,0.0,0.5673222541809082,0.373354434967041
conic,nnunet,1,1,dpath_48,0.072727270424366,0.04312923923134804,0.39443206787109375,0.2480412721633911,0.4515151381492615,0.2396177351474762,0.6071942448616028,0.4687775671482086,0.3589743673801422,0.26517191529273987,0.28260868787765503,0.09740195423364639,0.5935727953910828,0.3741491436958313
conic,nnunet,1,1,dpath_52,0.0,0.0,0.2975757420063019,0.1887752264738083,0.5863248109817505,0.293578565120697,0.3708920180797577,0.281342089176178,0.4357142746448517,0.2824791371822357,0.0,0.0,0.3925233781337738,0.27525144815444946
conic,nnunet,1,1,dpath_56,0.0,0.0,0.3613956570625305,0.23551097512245178,0.591294527053833,0.3422940969467163,0.591796875,0.45227861404418945,0.29729729890823364,0.19604836404323578,,,0.32658958435058594,0.18693378567695618
conic,nnunet,1,1,dpath_65,0.3833865821361542,0.22779686748981476,0.5009034276008606,0.337439626455307,0.5380228161811829,0.3008015751838684,0.6482142806053162,0.5267452001571655,0.5275590419769287,0.4187544286251068,0.3571428656578064,0.19477708637714386,0.5510948896408081,0.35576242208480835
conic,nnunet,1,1,glas_11,0.0,0.0,0.48465070128440857,0.33175450563430786,0.5014970302581787,0.299165278673172,0.6554622054100037,0.5344284772872925,0.5221238732337952,0.4063311517238617,0.6000000238418579,0.3209523856639862,0.6288209557533264,0.42964968085289
conic,nnunet,1,1,glas_12,0.0,0.0,0.3214900493621826,0.1939956694841385,0.2537878751754761,0.13205984234809875,0.6129353046417236,0.4199504256248474,0.22058823704719543,0.16075089573860168,0.4615384638309479,0.22839736938476562,0.38009050488471985,0.22281554341316223
conic,nnunet,1,1,glas_16,,,0.40904489159584045,0.2498682290315628,0.31542056798934937,0.15253862738609314,0.654321014881134,0.43413615226745605,0.2631579041481018,0.1669856607913971,0.3333333432674408,0.2142857015132904,0.4789915978908539,0.28139495849609375
conic,nnunet,1,1,glas_18,0.0,0.0,0.2885965406894684,0.19270780682563782,0.41750842332839966,0.2430466115474701,0.5365853905677795,0.43434232473373413,0.0,0.0,,,0.4888888895511627,0.28615015745162964
conic,nnunet,1,1,glas_29,0.0,0.0,0.43259477615356445,0.30578628182411194,0.48349514603614807,0.2642246186733246,0.6978192925453186,0.5513229370117188,0.6029411554336548,0.46774277091026306,0.2222222238779068,0.14888890087604523,0.589090883731842,0.40253835916519165
conic,nnunet,1,1,glas_32,0.0,0.0,0.38404178619384766,0.26442983746528625,0.5289139747619629,0.32542604207992554,0.6857143044471741,0.5293209552764893,0.43689319491386414,0.3065844178199768,0.0714285746216774,0.04211822524666786,0.5813007950782776,0.38312941789627075
conic,nnunet,1,1,glas_41,,,0.38635361194610596,0.25895199179649353,0.23497267067432404,0.14805647730827332,0.699999988079071,0.48343902826309204,0.0,0.0,,,0.6104417443275452,0.40431252121925354
conic,nnunet,1,1,glas_45,0.0,0.0,0.3346746265888214,0.21924833953380585,0.38955822587013245,0.2094252109527588,0.6174055933952332,0.4506815969944,0.17894737422466278,0.12185820192098618,0.375,0.2693696916103363,0.4471365511417389,0.2641553282737732
conic,nnunet,1,1,glas_46,,,0.3144865036010742,0.2004987746477127,0.19074073433876038,0.10143528878688812,0.6859903335571289,0.4956517219543457,0.1764705926179886,0.1510148048400879,0.0,0.0,0.5192307829856873,0.2543920874595642
conic,nnunet,1,1,glas_51,0.0,0.0,0.2533162534236908,0.15889637172222137,0.24593128263950348,0.12657420337200165,0.6875,0.4940836429595947,0.0,0.0,0.0,0.0,0.5864661931991577,0.3327203392982483
conic,nnunet,1,1,glas_59,0.0,0.0,0.2388719767332077,0.1520226001739502,0.2762312591075897,0.1391795128583908,0.4736842215061188,0.37085166573524475,0.0,0.0,,,0.4444444477558136,0.2500818371772766
conic,nnunet,1,1,glas_60,0.0,0.0,0.3113069534301758,0.20280151069164276,0.33212995529174805,0.17567229270935059,0.6285714507102966,0.43856263160705566,0.13333334028720856,0.09791667014360428,,,0.4625000059604645,0.30185598134994507
conic,nnunet,1,1,consep_3,0.0,0.0,0.2929763197898865,0.18074050545692444,,,0.6758620738983154,0.47105661034584045,0.23999999463558197,0.1532783806324005,0.0,0.0,0.5490196347236633,0.2793675661087036
conic,nnunet,1,1,consep_6,,,0.40061014890670776,0.23369240760803223,0.43216079473495483,0.2495543509721756,0.5604395866394043,0.318173885345459,0.5600000023841858,0.3028477728366852,0.0,0.0,0.45045045018196106,0.29788607358932495
conic,nnunet,1,1,consep_9,0.5,0.3571428656578064,0.33560606837272644,0.1969083845615387,,,0.3333333432674408,0.15068800747394562,0.0,0.0,,,0.5090909004211426,0.27980270981788635
conic,nnunet,1,1,consep_10,,,0.546926736831665,0.34741368889808655,0.27966102957725525,0.14843852818012238,0.6551724076271057,0.43757009506225586,0.6666666865348816,0.42500001192092896,,,0.5862069129943848,0.3786461353302002
conic,nnunet,1,1,pannuke_2,,,0.23409396409988403,0.1574683040380478,0.4563758373260498,0.2595551609992981,0.20000000298023224,0.1656704992055893,0.0,0.0,,,0.2800000011920929,0.20464754104614258
conic,nnunet,1,1,pannuke_11,,,0.6630604863166809,0.44753599166870117,,,0.675000011920929,0.46945080161094666,0.6279069781303406,0.44893208146095276,,,0.686274528503418,0.4242251515388489
conic,nnunet,1,1,pannuke_13,,,0.31386619806289673,0.16884547472000122,0.24657534062862396,0.10866786539554596,0.43478259444236755,0.2657645344734192,0.3571428656578064,0.19018833339214325,0.1538461595773697,0.08186813443899155,0.3769841194152832,0.19773854315280914
conic,nnunet,1,1,pannuke_15,0.0,0.0,0.3008226454257965,0.17008380591869354,0.44285714626312256,0.24277238547801971,0.395480215549469,0.2150815725326538,0.5393258333206177,0.30037426948547363,0.0,0.0,0.4272727370262146,0.26227450370788574
conic,nnunet,1,1,pannuke_20,0.5,0.4000000059604645,0.6347402930259705,0.31523653864860535,,,0.8571428656578064,0.41921359300613403,1.0,0.3499999940395355,,,0.1818181872367859,0.09173253923654556
conic,nnunet,1,1,crag_2,,,0.5172595977783203,0.3569692373275757,0.5110722780227661,0.30759817361831665,0.7040998339653015,0.5192992091178894,0.4553990662097931,0.34779250621795654,0.30000001192092896,0.20651516318321228,0.6157270073890686,0.40364113450050354
conic,nnunet,1,1,crag_19,0.0,0.0,0.4926062524318695,0.32199031114578247,0.39870551228523254,0.21181194484233856,0.6701492667198181,0.49706974625587463,0.6095890402793884,0.4561719298362732,0.6410256624221802,0.33111846446990967,0.6361679434776306,0.43576979637145996
conic,nnunet,1,1,crag_22,0.20000000298023224,0.1162932887673378,0.29097509384155273,0.18799059092998505,0.5023832321166992,0.302243709564209,0.5700934529304504,0.41035524010658264,0.0416666679084301,0.02916666865348816,0.0,0.0,0.43170732259750366,0.2698846459388733
conic,nnunet,1,1,crag_25,,,0.5686550736427307,0.40513020753860474,0.4121813178062439,0.21286888420581818,0.5600000023841858,0.44262319803237915,1.0,0.800000011920929,,,0.30243903398513794,0.16502882540225983
conic,nnunet,1,1,crag_27,0.0,0.0,0.4371814429759979,0.29580745100975037,0.563858687877655,0.3119065463542938,0.4473118185997009,0.3312584161758423,0.5265700221061707,0.3945263624191284,0.4117647111415863,0.28766030073165894,0.6735833883285522,0.44949302077293396
conic,nnunet,1,1,crag_30,0.2142857164144516,0.15625,0.4436885118484497,0.3099828064441681,0.6258277893066406,0.3961714506149292,0.5718270540237427,0.415334552526474,0.5309446454048157,0.399160772562027,0.1428571492433548,0.11428572237491608,0.5763888955116272,0.3786942660808563
conic,nnunet,1,1,crag_33,0.0,0.0,0.23667745292186737,0.15480868518352509,0.23568281531333923,0.12427635490894318,0.565891444683075,0.4012247920036316,0.09090909361839294,0.0727272778749466,0.0,0.0,0.5275813341140747,0.33062365651130676
conic,nnunet,1,1,crag_44,0.14912280440330505,0.07687278836965561,0.32932519912719727,0.21421702206134796,0.4546004831790924,0.2644340991973877,0.4439461827278137,0.3168312907218933,0.4000000059604645,0.2997393310070038,0.0,0.0,0.5282817482948303,0.3274245858192444
conic,nnunet,1,1,crag_48,0.2976190447807312,0.14678962528705597,0.4385225772857666,0.2650945484638214,0.45789971947669983,0.2494572401046753,0.6222826242446899,0.4316478371620178,0.2142857164144516,0.15489652752876282,0.4000000059604645,0.20000000298023224,0.6390483975410461,0.40777602791786194
conic,nnunet,1,1,crag_54,0.0,0.0,0.1482764482498169,0.09674456715583801,0.45629629492759705,0.2792049050331116,0.10169491171836853,0.08947580307722092,0.0,0.0,,,0.1833910048007965,0.11504211276769638
conic,nnunet,1,1,crag_58,0.0,0.0,0.2294192910194397,0.1400049477815628,0.5,0.3022833466529846,0.24137930572032928,0.17274630069732666,0.1538461595773697,0.11199529469013214,0.0,0.0,0.4812903106212616,0.2530047595500946
conic,nnunet,1,1,crag_64,0.08695652335882187,0.04728261008858681,0.3583841025829315,0.23351509869098663,0.3640226721763611,0.19134560227394104,0.6468085050582886,0.4696474075317383,0.28735631704330444,0.21450519561767578,0.20000000298023224,0.12324070930480957,0.5651604533195496,0.3550691306591034
conic,nnunet,2,2,dpath_8,0.20000000298023224,0.12847083806991577,0.43586623668670654,0.2933167517185211,0.5523091554641724,0.3135759234428406,0.6609124541282654,0.5011423230171204,0.5314009785652161,0.39693158864974976,0.12195122241973877,0.04988069459795952,0.5486238598823547,0.36989909410476685
conic,nnunet,2,2,dpath_11,0.0,0.0,0.5308711528778076,0.364157110452652,0.6082949042320251,0.304087370634079,0.74956214427948,0.602565348148346,0.6148409843444824,0.47642582654953003,0.5757575631141663,0.3436463475227356,0.6367713212966919,0.45821794867515564
conic,nnunet,2,2,dpath_12,0.14649681746959686,0.0843416228890419,0.4295012652873993,0.28890499472618103,0.3312128782272339,0.16013512015342712,0.7270477414131165,0.5553926229476929,0.309636652469635,0.2327943742275238,0.41304346919059753,0.25445860624313354,0.6495700478553772,0.4463076591491699
conic,nnunet,2,2,dpath_17,0.0,0.0,0.3994572162628174,0.27416881918907166,0.533823549747467,0.28931713104248047,0.7603092789649963,0.5869084596633911,0.42105263471603394,0.31404250860214233,0.1111111119389534,0.06549707800149918,0.5704467296600342,0.3892478346824646
conic,nnunet,2,2,dpath_21,,,0.44623440504074097,0.2966310381889343,0.6028369069099426,0.31412264704704285,0.7150036096572876,0.5289873480796814,0.27835050225257874,0.22057406604290009,0.0,0.0,0.6349809765815735,0.4194711744785309
conic,nnunet,2,2,dpath_22,0.02777777798473835,0.01292929332703352,0.38013020157814026,0.2527543008327484,0.6854256987571716,0.4083542823791504,0.6261193752288818,0.4651768207550049,0.3234042525291443,0.23215380311012268,0.07692307978868484,0.030769232660531998,0.5411310791969299,0.36714234948158264
conic,nnunet,2,2,dpath_24,,,0.43232494592666626,0.29423290491104126,0.6622390747070312,0.36562493443489075,0.6011834144592285,0.4701480269432068,0.37959182262420654,0.2870233952999115,0.0,0.0,0.518610417842865,0.3483681380748749
conic,nnunet,2,2,dpath_31,0.0,0.0,0.3785201609134674,0.2515419125556946,0.6728395223617554,0.3907018303871155,0.6839762330055237,0.4995794892311096,0.11764705926179886,0.08390839397907257,0.20512820780277252,0.13044473528862,0.5915300250053406,0.4046170711517334
conic,nnunet,2,2,dpath_33,0.1666666716337204,0.08864183723926544,0.451665997505188,0.30712881684303284,0.5310033559799194,0.2900978922843933,0.6831210255622864,0.502028226852417,0.4444444477558136,0.33049511909484863,0.25,0.17499999701976776,0.6347606778144836,0.4565098285675049
conic,nnunet,2,2,dpath_34,,,0.5464912056922913,0.3865865468978882,0.5698275566101074,0.3146260678768158,0.7574626803398132,0.6141091585159302,0.3265306055545807,0.27530819177627563,0.5,0.3199999928474426,0.578635036945343,0.40888938307762146
conic,nnunet,2,2,dpath_40,0.0,0.0,0.37616392970085144,0.24300257861614227,0.5717566013336182,0.2872822880744934,0.7437899112701416,0.5361719727516174,0.3730158805847168,0.26398032903671265,0.0,0.0,0.5684210658073425,0.37058085203170776
conic,nnunet,2,2,dpath_48,0.1111111119389534,0.051077235490083694,0.37992599606513977,0.24239982664585114,0.43919599056243896,0.2374364137649536,0.5948644876480103,0.4595567584037781,0.31924882531166077,0.2360350787639618,0.21739129722118378,0.09186237305402756,0.597744345664978,0.3784312307834625
conic,nnunet,2,2,dpath_52,0.0,0.0,0.28591489791870117,0.18365328013896942,0.5975820422172546,0.3021743893623352,0.35746607184410095,0.2690805494785309,0.39007091522216797,0.2673795521259308,0.0,0.0,0.37037035822868347,0.26328518986701965
conic,nnunet,2,2,dpath_56,0.0,0.0,0.3727331757545471,0.2420145720243454,0.6114285588264465,0.3512694239616394,0.5964912176132202,0.454933226108551,0.3153846263885498,0.2108292579650879,,,0.34036144614219666,0.19304093718528748
conic,nnunet,2,2,dpath_65,0.3650793731212616,0.21949629485607147,0.48277679085731506,0.3303541839122772,0.5348615050315857,0.3028362989425659,0.6284722089767456,0.5145832300186157,0.5112782120704651,0.4109412729740143,0.3333333432674408,0.18566739559173584,0.5236363410949707,0.3486006557941437
conic,nnunet,2,2,glas_11,0.0,0.0,0.4950869083404541,0.3471541106700897,0.5067669153213501,0.3027392029762268,0.6553191542625427,0.5442838668823242,0.5740740895271301,0.4373041093349457,0.6000000238418579,0.3742857575416565,0.634361207485199,0.4243115782737732
conic,nnunet,2,2,glas_12,0.0,0.0,0.330584317445755,0.2030223160982132,0.25314861536026,0.1330890953540802,0.6382978558540344,0.42424970865249634,0.265625,0.19173024594783783,0.4615384638309479,0.2518658936023712,0.3648960590362549,0.2171989232301712
conic,nnunet,2,2,glas_16,,,0.4089319705963135,0.2586001455783844,0.3208431005477905,0.15509869158267975,0.650602400302887,0.4547607898712158,0.3125,0.20416668057441711,0.2857142984867096,0.20000000298023224,0.4749999940395355,0.2789744734764099
conic,nnunet,2,2,glas_18,0.0,0.0,0.2892346978187561,0.19066405296325684,0.4217686951160431,0.24595710635185242,0.5333333611488342,0.42121511697769165,0.0,0.0,,,0.4910714328289032,0.2861480414867401
conic,nnunet,2,2,glas_29,0.0,0.0,0.47877636551856995,0.3222412168979645,0.5009784698486328,0.27134793996810913,0.7348242998123169,0.5723599791526794,0.6377952694892883,0.4994264543056488,0.375,0.164166659116745,0.6240601539611816,0.42614611983299255
conic,nnunet,2,2,glas_32,0.0,0.0,0.3841160237789154,0.2648399770259857,0.5048543810844421,0.3215412497520447,0.7164179086685181,0.5547119379043579,0.41747573018074036,0.31585896015167236,0.1034482792019844,0.04303300008177757,0.5625,0.3538946807384491
conic,nnunet,2,2,glas_41,,,0.4169994592666626,0.2881993055343628,0.25090909004211426,0.15447263419628143,0.7894737124443054,0.5805081129074097,0.0,0.0,,,0.6276150345802307,0.4178164601325989
conic,nnunet,2,2,glas_45,0.0,0.0,0.3484192192554474,0.22615604102611542,0.4032476246356964,0.21601755917072296,0.6360601186752319,0.4612933099269867,0.17777778208255768,0.13113506138324738,0.4000000059604645,0.2618909776210785,0.47342994809150696,0.2865992486476898
conic,nnunet,2,2,glas_46,,,0.2982504367828369,0.19578880071640015,0.18715596199035645,0.10545660555362701,0.6398104429244995,0.49217772483825684,0.15000000596046448,0.1340692639350891,0.0,0.0,0.5142857432365417,0.24724042415618896
conic,nnunet,2,2,glas_51,0.0,0.0,0.26428988575935364,0.17190329730510712,0.24637681245803833,0.13002952933311462,0.7037037014961243,0.5220353603363037,0.0,0.0,0.0,0.0,0.6356589198112488,0.379354864358902
conic,nnunet,2,2,glas_59,0.0,0.0,0.24719814956188202,0.15501494705677032,0.276729553937912,0.13903231918811798,0.4736842215061188,0.36531805992126465,0.0,0.0,,,0.48557692766189575,0.2707243859767914
conic,nnunet,2,2,glas_60,0.0,0.0,0.2993132472038269,0.18983519077301025,0.3110846281051636,0.16823574900627136,0.5585585832595825,0.3811408281326294,0.13333334028720856,0.08375000208616257,,,0.49358972907066345,0.31604936718940735
conic,nnunet,2,2,consep_3,0.0,0.0,0.3043668866157532,0.18388672173023224,,,0.7083333134651184,0.45754894614219666,0.260869562625885,0.17083954811096191,0.0,0.0,0.5526315569877625,0.29104503989219666
conic,nnunet,2,2,consep_6,,,0.39793476462364197,0.22877299785614014,0.4356435537338257,0.2476767599582672,0.54347825050354,0.3128013014793396,0.5909090638160706,0.31611061096191406,0.0,0.0,0.4196428656578064,0.26727625727653503
conic,nnunet,2,2,consep_9,0.5,0.37857142090797424,0.2921568751335144,0.18632298707962036,,,0.23529411852359772,0.13245098292827606,0.0,0.0,,,0.4333333373069763,0.23426957428455353
conic,nnunet,2,2,consep_10,,,0.5426268577575684,0.35143470764160156,0.27723971009254456,0.14574354887008667,0.6551724076271057,0.4229845106601715,0.6666666865348816,0.46666669845581055,,,0.5714285969734192,0.3703440725803375
conic,nnunet,2,2,pannuke_2,,,0.2738502323627472,0.1739683747291565,0.449438214302063,0.2640802562236786,0.21739129722118378,0.16755852103233337,0.0,0.0,,,0.4285714328289032,0.264234721660614
conic,nnunet,2,2,pannuke_11,,,0.7114608287811279,0.47898897528648376,,,0.6666666865348816,0.4796079695224762,0.6842105388641357,0.4692232012748718,,,0.7835051417350769,0.4881356358528137
conic,nnunet,2,2,pannuke_13,,,0.32552313804626465,0.1771639883518219,0.27210885286331177,0.11415845155715942,0.4264705777168274,0.25836336612701416,0.3448275923728943,0.19333870708942413,0.1818181872367859,0.12575757503509521,0.4023904502391815,0.19420190155506134
conic,nnunet,2,2,pannuke_15,0.0,0.0,0.302952378988266,0.17119716107845306,0.44049733877182007,0.23964834213256836,0.40112993121147156,0.2184082269668579,0.550000011920929,0.3046509325504303,0.0,0.0,0.426086962223053,0.2644754648208618
conic,nnunet,2,2,pannuke_20,1.0,0.699999988079071,0.7329545617103577,0.41876474022865295,,,0.75,0.39252138137817383,1.0,0.4899999499320984,,,0.1818181872367859,0.0925375446677208
conic,nnunet,2,2,crag_2,,,0.5610641241073608,0.36227548122406006,0.5131502151489258,0.3094746172428131,0.7237569093704224,0.5332244634628296,0.46190476417541504,0.3604128956794739,0.5,0.20000000298023224,0.6065088510513306,0.40826550126075745
conic,nnunet,2,2,crag_19,0.0,0.0,0.4842163324356079,0.32153651118278503,0.3998703956604004,0.21060530841350555,0.6631097793579102,0.4927322268486023,0.6203703880310059,0.462223619222641,0.6052631735801697,0.33756154775619507,0.6166842579841614,0.4260962903499603
conic,nnunet,2,2,crag_22,0.19117647409439087,0.10292074829339981,0.2954261600971222,0.18833887577056885,0.5083135366439819,0.3026617169380188,0.5971564054489136,0.4193209707736969,0.043478261679410934,0.03913043439388275,0.0,0.0,0.4324324429035187,0.26599937677383423
conic,nnunet,2,2,crag_25,,,0.5481107831001282,0.36182302236557007,0.39557400345802307,0.20275506377220154,0.5185185074806213,0.38278311491012573,1.0,0.699999988079071,,,0.27835050225257874,0.16175393760204315
conic,nnunet,2,2,crag_27,0.0,0.0,0.4301309883594513,0.2882515490055084,0.5518169403076172,0.3059699535369873,0.44842106103897095,0.3322376608848572,0.5157384872436523,0.3884429335594177,0.4117647111415863,0.27462238073349,0.6530448794364929,0.42823633551597595
conic,nnunet,2,2,crag_30,0.20000000298023224,0.1583823710680008,0.4374965727329254,0.3095461428165436,0.6215226650238037,0.3931736648082733,0.5617367625236511,0.4113326966762543,0.5139573216438293,0.3852677345275879,0.1428571492433548,0.12857143580913544,0.5849056839942932,0.38054901361465454
conic,nnunet,2,2,crag_33,0.0,0.0,0.23053555190563202,0.14694958925247192,0.23561036586761475,0.1209152489900589,0.5378788113594055,0.36568787693977356,0.0833333358168602,0.06666667014360428,0.0,0.0,0.5263908505439758,0.3284277319908142
conic,nnunet,2,2,crag_44,0.1818181872367859,0.10213965177536011,0.33591464161872864,0.21963989734649658,0.47119465470314026,0.2707372307777405,0.43518519401550293,0.3221360445022583,0.3857142925262451,0.28589606285095215,0.0,0.0,0.5415754914283752,0.3369303345680237
conic,nnunet,2,2,crag_48,0.24390244483947754,0.12867221236228943,0.4695824086666107,0.274970144033432,0.463878333568573,0.25272735953330994,0.6465753316879272,0.44342440366744995,0.21739129722118378,0.16591382026672363,0.6000000238418579,0.24857144057750702,0.6457473039627075,0.41051173210144043
conic,nnunet,2,2,crag_54,0.0,0.0,0.15014687180519104,0.09545931220054626,0.4576523005962372,0.2805691957473755,0.10294117778539658,0.07651729136705399,0.0,0.0,,,0.19014084339141846,0.12021007388830185
conic,nnunet,2,2,crag_58,0.0,0.0,0.2589052617549896,0.16613753139972687,0.5274913907051086,0.31285685300827026,0.31578946113586426,0.2305571585893631,0.23076923191547394,0.19645097851753235,0.0,0.0,0.4793814420700073,0.25696030259132385
conic,nnunet,2,2,crag_64,0.03703703731298447,0.029629629105329514,0.32129350304603577,0.2124936729669571,0.3589385449886322,0.19545406103134155,0.621564507484436,0.44106054306030273,0.22093023359775543,0.16471357643604279,0.11999999731779099,0.08738461881875992,0.569290816783905,0.35671958327293396
conic,nnunet,3,3,dpath_8,0.19354838132858276,0.12230841815471649,0.42175212502479553,0.28835752606391907,0.5632075667381287,0.3153932988643646,0.6534161567687988,0.49905824661254883,0.4888888895511627,0.3826202154159546,0.07692307978868484,0.04282364249229431,0.5545286536216736,0.36794134974479675
conic,nnunet,3,3,dpath_11,0.0,0.0,0.5482805371284485,0.36627134680747986,0.6185725331306458,0.30961185693740845,0.7417103052139282,0.594340443611145,0.6063829660415649,0.47790470719337463,0.6774193644523621,0.3523881435394287,0.6455981731414795,0.4633827209472656
conic,nnunet,3,3,dpath_12,0.16556291282176971,0.09140639007091522,0.42844510078430176,0.2855813503265381,0.34481292963027954,0.1629023253917694,0.7276774644851685,0.5523110032081604,0.30569106340408325,0.22425732016563416,0.38652482628822327,0.24483224749565125,0.6404016017913818,0.43777886033058167
conic,nnunet,3,3,dpath_17,0.0,0.0,0.3947201669216156,0.2735235393047333,0.5333333611488342,0.2841939628124237,0.7621483206748962,0.5869340896606445,0.41304346919059753,0.31680622696876526,0.0555555559694767,0.04444444552063942,0.6042402982711792,0.4087626039981842
conic,nnunet,3,3,dpath_21,,,0.4515390396118164,0.29750770330429077,0.6042780876159668,0.31488779187202454,0.7269426584243774,0.5300842523574829,0.3041236996650696,0.23790761828422546,0.0,0.0,0.6223506927490234,0.4046589732170105
conic,nnunet,3,3,dpath_22,0.03703703731298447,0.014730175957083702,0.36568108201026917,0.2453385591506958,0.6791366934776306,0.4073394238948822,0.6308376789093018,0.4672701358795166,0.29694321751594543,0.21523377299308777,0.0,0.0,0.5501319169998169,0.3674578070640564
conic,nnunet,3,3,dpath_24,,,0.4308861792087555,0.2952532172203064,0.677142858505249,0.37150147557258606,0.5962441563606262,0.4690614640712738,0.36252546310424805,0.27628427743911743,0.0,0.0,0.5185185074806213,0.35941874980926514
conic,nnunet,3,3,dpath_31,0.0,0.0,0.3798478841781616,0.2547508180141449,0.6666666865348816,0.3856509327888489,0.696107804775238,0.49724799394607544,0.11428571492433548,0.08782608807086945,0.22499999403953552,0.14923933148384094,0.5770270228385925,0.40854042768478394
conic,nnunet,3,3,dpath_33,0.15000000596046448,0.08639860153198242,0.4490867555141449,0.3093178868293762,0.5312145352363586,0.29211291670799255,0.6881029009819031,0.49966859817504883,0.4330708682537079,0.34685179591178894,0.25,0.17499999701976776,0.6421319842338562,0.4558753967285156
conic,nnunet,3,3,dpath_34,,,0.4854784905910492,0.33963561058044434,0.5873702168464661,0.31867682933807373,0.7606679201126099,0.6178137063980103,0.3195876181125641,0.2692963480949402,0.20000000298023224,0.10000000149011612,0.5597667694091797,0.3923911452293396
conic,nnunet,3,3,dpath_40,0.0,0.0,0.3821854889392853,0.24653704464435577,0.571265697479248,0.28518354892730713,0.7467902898788452,0.5374688506126404,0.4146341383457184,0.2907505929470062,0.0,0.0,0.560422956943512,0.3658193051815033
conic,nnunet,3,3,dpath_48,0.09259258955717087,0.043200187385082245,0.38687649369239807,0.2483423501253128,0.4698055386543274,0.24635371565818787,0.6100719571113586,0.4686649441719055,0.36180904507637024,0.2694544196128845,0.2195121943950653,0.11093907058238983,0.5674676299095154,0.3514418601989746
conic,nnunet,3,3,dpath_52,0.0,0.0,0.2983371913433075,0.19145262241363525,0.6024096608161926,0.30032360553741455,0.36966824531555176,0.2843703031539917,0.43262410163879395,0.293420672416687,0.0,0.0,0.38532111048698425,0.27060121297836304
conic,nnunet,3,3,dpath_56,0.0,0.0,0.3590323328971863,0.23502428829669952,0.593785285949707,0.34021395444869995,0.5888031125068665,0.4530574381351471,0.3015267252922058,0.19984173774719238,,,0.3110465109348297,0.18200822174549103
conic,nnunet,3,3,dpath_65,0.34493669867515564,0.2157333642244339,0.48164644837379456,0.325685054063797,0.5431279540061951,0.3102948069572449,0.6297577619552612,0.5174099206924438,0.5114504098892212,0.40904879570007324,0.3333333432674408,0.16483406722545624,0.5272727012634277,0.3367895483970642
conic,nnunet,3,3,glas_11,0.0,0.0,0.490780234336853,0.3306369483470917,0.4820895493030548,0.2950373589992523,0.6637930870056152,0.5335994362831116,0.5765765905380249,0.43972697854042053,0.6000000238418579,0.28190478682518005,0.6222222447395325,0.4335530698299408
conic,nnunet,3,3,glas_12,0.0,0.0,0.36396387219429016,0.21052058041095734,0.2750316858291626,0.14318916201591492,0.6469990015029907,0.42964833974838257,0.3272727131843567,0.22854602336883545,0.5405405163764954,0.2450052797794342,0.39393940567970276,0.21673473715782166
conic,nnunet,3,3,glas_16,,,0.4000832438468933,0.2512604892253876,0.3107476532459259,0.14806459844112396,0.6625000238418579,0.44573894143104553,0.29411765933036804,0.19123250246047974,0.25,0.18611112236976624,0.4830508530139923,0.2851552963256836
conic,nnunet,3,3,glas_18,0.0,0.0,0.2877095341682434,0.18515942990779877,0.43150684237480164,0.24329185485839844,0.5116279125213623,0.40583357214927673,0.0,0.0,,,0.4954128563404083,0.27667170763015747
conic,nnunet,3,3,glas_29,0.0,0.0,0.44447460770606995,0.3092104196548462,0.49706459045410156,0.2709309756755829,0.7169811129570007,0.564330518245697,0.6399999856948853,0.4808235168457031,0.2222222238779068,0.1366666704416275,0.5905796885490417,0.4025108218193054
conic,nnunet,3,3,glas_32,0.0,0.0,0.36356472969055176,0.2534761428833008,0.5097492933273315,0.31607285141944885,0.7084870934486389,0.5537912845611572,0.39449542760849,0.2851952612400055,0.032258063554763794,0.009677419438958168,0.5363984704017639,0.35612016916275024
conic,nnunet,3,3,glas_41,,,0.5281314253807068,0.3920723795890808,0.24057450890541077,0.14744099974632263,0.75,0.5143385529518127,0.5,0.5,,,0.6219512224197388,0.4065099358558655
conic,nnunet,3,3,glas_45,0.0,0.0,0.3494408130645752,0.22606158256530762,0.3856382966041565,0.20979627966880798,0.6272878646850586,0.4607231020927429,0.18478260934352875,0.1416160762310028,0.4166666567325592,0.26120248436927795,0.4822694957256317,0.2830316126346588
conic,nnunet,3,3,glas_46,0.0,0.0,0.26341211795806885,0.16925404965877533,0.19012796878814697,0.10257488489151001,0.6747573018074036,0.4967733323574066,0.20000000298023224,0.16772446036338806,0.0,0.0,0.5155875086784363,0.2484515905380249
conic,nnunet,3,3,glas_51,0.0,0.0,0.251472145318985,0.15619264543056488,0.23826715350151062,0.12735798954963684,0.6511628031730652,0.4758704602718353,0.0,0.0,0.0,0.0,0.6194030046463013,0.33392736315727234
conic,nnunet,3,3,glas_59,0.0,0.0,0.23904435336589813,0.15446071326732635,0.2708333432674408,0.13684497773647308,0.4736842215061188,0.37691226601600647,0.0,0.0,,,0.4507042169570923,0.258546382188797
conic,nnunet,3,3,glas_60,0.0,0.0,0.31714126467704773,0.20163150131702423,0.3142174482345581,0.17167899012565613,0.6476190686225891,0.43081244826316833,0.1428571492433548,0.09714286029338837,,,0.4810126721858978,0.30852311849594116
conic,nnunet,3,3,consep_3,0.0,0.0,0.29151153564453125,0.17522482573986053,,,0.6712328791618347,0.45971742272377014,0.23076923191547394,0.12500734627246857,0.0,0.0,0.5555555820465088,0.29139935970306396
conic,nnunet,3,3,consep_6,,,0.3825564682483673,0.22369511425495148,0.4583333432674408,0.2572717070579529,0.5698924660682678,0.33743515610694885,0.4166666567325592,0.22007068991661072,0.0,0.0,0.4678899049758911,0.3036979138851166
conic,nnunet,3,3,consep_9,0.375,0.284722238779068,0.27445173263549805,0.1661394238471985,,,0.2666666805744171,0.14273694157600403,0.0,0.0,,,0.45614033937454224,0.23709850013256073
conic,nnunet,3,3,consep_10,,,0.6239752173423767,0.383053183555603,0.27053138613700867,0.1435440182685852,0.6896551847457886,0.4559493064880371,1.0,0.6333333253860474,,,0.5357142686843872,0.2993859648704529
conic,nnunet,3,3,pannuke_2,,,0.22149573266506195,0.14619556069374084,0.42444443702697754,0.24670203030109406,0.19230769574642181,0.15496133267879486,0.0,0.0,,,0.26923078298568726,0.18311890959739685
conic,nnunet,3,3,pannuke_11,,,0.5437431335449219,0.3631025552749634,,,0.7215189933776855,0.5014000535011292,0.6756756901741028,0.47108036279678345,0.0,0.0,0.7777777910232544,0.47992977499961853
conic,nnunet,3,3,pannuke_13,,,0.3386870324611664,0.17891213297843933,0.23489932715892792,0.11531959474086761,0.4769230782985687,0.2824023365974426,0.3571428656578064,0.19682824611663818,0.23076923191547394,0.10021978616714478,0.3937007784843445,0.19979064166545868
conic,nnunet,3,3,pannuke_15,0.0,0.0,0.31975749135017395,0.17665624618530273,0.44802868366241455,0.23795783519744873,0.413173645734787,0.22562532126903534,0.5846154093742371,0.31837087869644165,0.0,0.0,0.4727272689342499,0.2779834568500519
conic,nnunet,3,3,pannuke_20,1.0,0.4000000059604645,0.6976190209388733,0.3584134876728058,,,0.6000000238418579,0.36684650182724,1.0,0.5699999928474426,,,0.190476194024086,0.09680736064910889
conic,nnunet,3,3,crag_2,,,0.5051587820053101,0.3532938063144684,0.5148861408233643,0.3084317147731781,0.7208872437477112,0.5326972007751465,0.4541284441947937,0.34778037667274475,0.2222222238779068,0.17777778208255768,0.6136701107025146,0.3997820019721985
conic,nnunet,3,3,crag_19,0.0,0.0,0.4893510639667511,0.32047972083091736,0.40687865018844604,0.21624453365802765,0.6545454263687134,0.48443692922592163,0.6190476417541504,0.4556668698787689,0.6282051205635071,0.3416491150856018,0.6274297833442688,0.4248808026313782
conic,nnunet,3,3,crag_22,0.1818181872367859,0.11034365743398666,0.28970667719841003,0.186944842338562,0.5026353597640991,0.3004211485385895,0.5733944773674011,0.4058186113834381,0.0416666679084301,0.03750000149011612,0.0,0.0,0.4387255012989044,0.2675855755805969
conic,nnunet,3,3,crag_25,,,0.5768761038780212,0.38012102246284485,0.42245200276374817,0.2214902639389038,0.5384615659713745,0.42071494460105896,1.0,0.699999988079071,,,0.34659090638160706,0.17827875912189484
conic,nnunet,3,3,crag_27,0.0,0.0,0.44986772537231445,0.3013967275619507,0.580467700958252,0.3155687749385834,0.45356371998786926,0.33555176854133606,0.527845025062561,0.3926994204521179,0.46666666865348816,0.31603458523750305,0.6706634759902954,0.44852596521377563
conic,nnunet,3,3,crag_30,0.2142857164144516,0.13113096356391907,0.443033367395401,0.3066103160381317,0.6193975210189819,0.3918507397174835,0.5669957399368286,0.4146850109100342,0.5306451320648193,0.3939269185066223,0.1428571492433548,0.12857143580913544,0.5840188264846802,0.3794967532157898
conic,nnunet,3,3,crag_33,0.0,0.0,0.21376164257526398,0.13687501847743988,0.23169191181659698,0.12042678892612457,0.5223880410194397,0.369825541973114,0.0,0.0,0.0,0.0,0.5284900069236755,0.3309977352619171
conic,nnunet,3,3,crag_44,0.17000000178813934,0.1024106964468956,0.3494826555252075,0.22956550121307373,0.4680722951889038,0.268934428691864,0.44343891739845276,0.3122204840183258,0.4769230782985687,0.3567407429218292,0.0,0.0,0.5384615659713745,0.33708661794662476
conic,nnunet,3,3,crag_48,0.2650602459907532,0.13572002947330475,0.4262276589870453,0.2574573755264282,0.45249295234680176,0.24635913968086243,0.6519337296485901,0.44582682847976685,0.20454545319080353,0.1559569239616394,0.3333333432674408,0.14761905372142792,0.6499999761581421,0.413262277841568
conic,nnunet,3,3,crag_54,0.0,0.0,0.15386709570884705,0.09483665972948074,0.4450951814651489,0.2713697552680969,0.1147540956735611,0.07503561675548553,0.0,0.0,,,0.20948617160320282,0.12777790427207947
conic,nnunet,3,3,crag_58,0.0,0.0,0.24278686940670013,0.1544329673051834,0.5290102362632751,0.310466468334198,0.2641509473323822,0.19131509959697723,0.18518517911434174,0.1691005378961563,0.0,0.0,0.4783748388290405,0.2557157278060913
conic,nnunet,3,3,crag_64,0.0833333358168602,0.04933333396911621,0.33320489525794983,0.21495385468006134,0.3374827206134796,0.1856723576784134,0.6431623697280884,0.46144866943359375,0.25925925374031067,0.18991875648498535,0.1111111119389534,0.053749315440654755,0.5648805499076843,0.34960073232650757
