method,file,subset,exp,dice_score,mean_average_precision,average_precision_at_iou_50,dataset
STAPLE,2375-0_mask.png,test,1,0.8196405400891584,0.09640141576528549,0.24390244483947754,GFAP_in_HC
STAPLE,2375-0_mask.png,test,2,0.8092476694822531,0.24372892081737518,0.4285714328289032,GFAP_in_HC
STAPLE,2375-0_mask.png,test,3,0.8628815611820219,0.23238296806812286,0.4166666567325592,GFAP_in_HC
STAPLE,2375-1_mask.png,test,1,0.8250432290125091,0.21866197884082794,0.4285714328289032,GFAP_in_HC
STAPLE,2375-1_mask.png,test,2,0.8078024080440755,0.24216917157173157,0.35483869910240173,GFAP_in_HC
STAPLE,2375-1_mask.png,test,3,0.8704052536075347,0.2515299320220947,0.4761904776096344,GFAP_in_HC
STAPLE,2376-2_mask.png,test,1,0.8534538204270645,0.21741466224193573,0.4516128897666931,GFAP_in_HC
STAPLE,2376-2_mask.png,test,2,0.9034466772462243,0.43426400423049927,0.5882353186607361,GFAP_in_HC
STAPLE,2376-2_mask.png,test,3,0.8512828762165204,0.2274576723575592,0.48275861144065857,GFAP_in_HC
STAPLE,2376-3_mask.png,test,1,0.7644270670035594,0.15880632400512695,0.4000000059604645,GFAP_in_HC
STAPLE,2376-3_mask.png,test,2,0.8821961295048941,0.2876831293106079,0.4390243887901306,GFAP_in_HC
STAPLE,2376-3_mask.png,test,3,0.868578935844099,0.21203729510307312,0.3611111044883728,GFAP_in_HC
STAPLE,2377-0_mask.png,test,1,0.7980330412559328,0.21454839408397675,0.5625,GFAP_in_HC
STAPLE,2377-0_mask.png,test,2,0.8760321034701772,0.32284820079803467,0.5348837375640869,GFAP_in_HC
STAPLE,2377-0_mask.png,test,3,0.8860814696703327,0.31154483556747437,0.59375,GFAP_in_HC
STAPLE,2377-2_mask.png,test,1,0.8334012656870107,0.2662307322025299,0.5681818127632141,GFAP_in_HC
STAPLE,2377-2_mask.png,test,2,0.8678738755017489,0.3000492751598358,0.5319148898124695,GFAP_in_HC
STAPLE,2377-2_mask.png,test,3,0.8683513276918589,0.3716946840286255,0.6190476417541504,GFAP_in_HC
STAPLE,2378-2_mask.png,test,1,0.7332948939714268,0.028113016858696938,0.1230769231915474,GFAP_in_HC
STAPLE,2378-2_mask.png,test,2,0.7954406216747816,0.20582997798919678,0.375,GFAP_in_HC
STAPLE,2378-2_mask.png,test,3,0.8763377416073245,0.3296029269695282,0.44999998807907104,GFAP_in_HC
STAPLE,2378-3_mask.png,test,1,0.7352748416152722,0.09645532071590424,0.20454545319080353,GFAP_in_HC
STAPLE,2378-3_mask.png,test,2,0.8415528523121515,0.269946813583374,0.44117647409439087,GFAP_in_HC
STAPLE,2378-3_mask.png,test,3,0.8062520351676978,0.291462242603302,0.529411792755127,GFAP_in_HC
STAPLE,2375-2_mask.png,train,1,0.7924442609413707,0.08112512528896332,0.22033898532390594,GFAP_in_HC
STAPLE,2375-2_mask.png,train,2,0.9117019834079114,0.3143679201602936,0.43589743971824646,GFAP_in_HC
STAPLE,2375-2_mask.png,train,3,0.8142148760330579,0.12263766676187515,0.19718310236930847,GFAP_in_HC
STAPLE,2375-3_mask.png,train,1,0.8118782377481318,0.10329189151525497,0.18644067645072937,GFAP_in_HC
STAPLE,2375-3_mask.png,train,2,0.8663357149485015,0.23883266746997833,0.3552631437778473,GFAP_in_HC
STAPLE,2375-3_mask.png,train,3,0.8692920397763816,0.22779349982738495,0.36538460850715637,GFAP_in_HC
STAPLE,2376-0_mask.png,train,1,0.8076718013746992,0.19562534987926483,0.4749999940395355,GFAP_in_HC
STAPLE,2376-0_mask.png,train,2,0.8925933936903253,0.32405829429626465,0.5,GFAP_in_HC
STAPLE,2376-0_mask.png,train,3,0.8690087371719416,0.356768935918808,0.6153846383094788,GFAP_in_HC
STAPLE,2376-1_mask.png,train,1,0.8624958800263678,0.21039393544197083,0.4000000059604645,GFAP_in_HC
STAPLE,2376-1_mask.png,train,2,0.8948884557071692,0.27580526471138,0.4615384638309479,GFAP_in_HC
STAPLE,2376-1_mask.png,train,3,0.8789755136504361,0.2213687151670456,0.42424243688583374,GFAP_in_HC
STAPLE,2377-1_mask.png,train,1,0.8032713532862682,0.13420605659484863,0.302325576543808,GFAP_in_HC
STAPLE,2377-1_mask.png,train,2,0.8750112077467945,0.19783058762550354,0.3333333432674408,GFAP_in_HC
STAPLE,2377-1_mask.png,train,3,0.8980295067251589,0.18920935690402985,0.30000001192092896,GFAP_in_HC
STAPLE,2377-3_mask.png,train,1,0.8106235281062353,0.1748126596212387,0.3469387888908386,GFAP_in_HC
STAPLE,2377-3_mask.png,train,2,0.8568902032414253,0.27569231390953064,0.39344263076782227,GFAP_in_HC
STAPLE,2377-3_mask.png,train,3,0.8488622576571669,0.2974926829338074,0.4583333432674408,GFAP_in_HC
STAPLE,2378-0_mask.png,train,1,0.7138979296933028,0.04875631257891655,0.14754098653793335,GFAP_in_HC
STAPLE,2378-0_mask.png,train,2,0.82456943753111,0.22776813805103302,0.38596490025520325,GFAP_in_HC
STAPLE,2378-0_mask.png,train,3,0.8526066586096717,0.35486558079719543,0.5094339847564697,GFAP_in_HC
STAPLE,2378-1_mask.png,train,1,0.6971321472375728,0.01503009907901287,0.050847455859184265,GFAP_in_HC
STAPLE,2378-1_mask.png,train,2,0.8444282179221938,0.15645663440227509,0.290909081697464,GFAP_in_HC
STAPLE,2378-1_mask.png,train,3,0.8658802143492833,0.3343290686607361,0.46000000834465027,GFAP_in_HC
STAPLE,2379-0_mask.png,train,1,0.7851375236835746,0.09150935709476471,0.23529411852359772,GFAP_in_HC
STAPLE,2379-0_mask.png,train,2,0.8883603008204193,0.2811666429042816,0.4153846204280853,GFAP_in_HC
STAPLE,2379-0_mask.png,train,3,0.8636580810493855,0.24081480503082275,0.3636363744735718,GFAP_in_HC
STAPLE,2379-1_mask.png,train,1,0.6962430538777483,0.043147411197423935,0.18644067645072937,GFAP_in_HC
STAPLE,2379-1_mask.png,train,2,0.8479883318592997,0.2283795326948166,0.39344263076782227,GFAP_in_HC
STAPLE,2379-1_mask.png,train,3,0.7966465558722285,0.1989348828792572,0.34545454382896423,GFAP_in_HC
STAPLE,2379-2_mask.png,train,1,0.7732739302809711,0.15945932269096375,0.3499999940395355,GFAP_in_HC
STAPLE,2379-2_mask.png,train,2,0.8765813154805895,0.3455786108970642,0.5581395626068115,GFAP_in_HC
STAPLE,2379-2_mask.png,train,3,0.8440329930207071,0.21066665649414062,0.39534884691238403,GFAP_in_HC
STAPLE,2379-3_mask.png,train,1,0.7287365062571292,0.10244308412075043,0.24390244483947754,GFAP_in_HC
STAPLE,2379-3_mask.png,train,2,0.8345490814898622,0.24582397937774658,0.42553192377090454,GFAP_in_HC
STAPLE,2379-3_mask.png,train,3,0.8455018924077249,0.1873215138912201,0.3529411852359772,GFAP_in_HC
STAPLE_revised,1237_mask.png,test,1,0.9284727975697321,0.7472222447395325,1.0,PV_in_HC
STAPLE_revised,1237_mask.png,test,2,0.9455252918287937,0.8206349611282349,1.0,PV_in_HC
STAPLE_revised,1237_mask.png,test,3,0.7993680884676145,0.5625,0.625,PV_in_HC
STAPLE_revised,1237_mask.png,test,4,0.9719070772555375,0.9428571462631226,1.0,PV_in_HC
STAPLE_revised,1237_mask.png,test,5,0.9533678756476685,0.8777777552604675,1.0,PV_in_HC
STAPLE_revised,1283_mask.png,test,1,0.8066037735849056,0.46186479926109314,0.6000000238418579,PV_in_HC
STAPLE_revised,1283_mask.png,test,2,0.7991638527094388,0.44948381185531616,0.6000000238418579,PV_in_HC
STAPLE_revised,1283_mask.png,test,3,0.7786803160120174,0.3907308280467987,0.529411792755127,PV_in_HC
STAPLE_revised,1283_mask.png,test,4,0.8909952606635071,0.6097727417945862,0.800000011920929,PV_in_HC
STAPLE_revised,1283_mask.png,test,5,0.8543160309721824,0.5972726941108704,0.800000011920929,PV_in_HC
STAPLE_revised,1377_mask.png,test,1,0.827835880933226,0.6193987131118774,0.7272727489471436,PV_in_HC
STAPLE_revised,1377_mask.png,test,2,0.7973695315796877,0.5100749731063843,0.7575757503509521,PV_in_HC
STAPLE_revised,1377_mask.png,test,3,0.9355710678746473,0.7491787075996399,1.0,PV_in_HC
STAPLE_revised,1377_mask.png,test,4,0.8847526772055074,0.6057018041610718,0.8235294222831726,PV_in_HC
STAPLE_revised,1377_mask.png,test,5,0.9267985457043887,0.7410053014755249,0.9696969985961914,PV_in_HC
STAPLE_revised,1385_mask.png,test,1,0.9642857142857143,0.9199999570846558,1.0,PV_in_HC
STAPLE_revised,1385_mask.png,test,2,0.9271955599085864,0.800000011920929,1.0,PV_in_HC
STAPLE_revised,1385_mask.png,test,3,0.8136526286815303,0.6166666746139526,0.75,PV_in_HC
STAPLE_revised,1385_mask.png,test,4,0.9359795134443022,0.7699999809265137,1.0,PV_in_HC
STAPLE_revised,1385_mask.png,test,5,0.9540365350618739,0.8500000238418579,1.0,PV_in_HC
STAPLE_revised,1418_mask.png,test,1,0.9399054692775152,0.788036048412323,0.9444444179534912,PV_in_HC
STAPLE_revised,1418_mask.png,test,2,0.8936616716398335,0.6315997242927551,0.9166666865348816,PV_in_HC
STAPLE_revised,1418_mask.png,test,3,0.917719995184784,0.7183434367179871,0.9230769276618958,PV_in_HC
STAPLE_revised,1418_mask.png,test,4,0.9131721121687677,0.702221691608429,0.9444444179534912,PV_in_HC
STAPLE_revised,1418_mask.png,test,5,0.9431300776716364,0.7387903928756714,0.9722222089767456,PV_in_HC
STAPLE_revised,1444_mask.png,test,1,0.961905286950769,0.8920634388923645,1.0,PV_in_HC
STAPLE_revised,1444_mask.png,test,2,0.9014513965117696,0.6404262781143188,1.0,PV_in_HC
STAPLE_revised,1444_mask.png,test,3,0.8639385912752041,0.5321488976478577,0.6785714030265808,PV_in_HC
STAPLE_revised,1444_mask.png,test,4,0.9416632670901568,0.7861751317977905,1.0,PV_in_HC
STAPLE_revised,1444_mask.png,test,5,0.944541867601929,0.8144081830978394,1.0,PV_in_HC
STAPLE_revised,1582_mask.png,test,1,0.8808637683530326,0.6227884888648987,0.75,PV_in_HC
STAPLE_revised,1582_mask.png,test,2,0.8842785477425389,0.637362539768219,0.875,PV_in_HC
STAPLE_revised,1582_mask.png,test,3,0.9179827573052568,0.7220577597618103,0.8888888955116272,PV_in_HC
STAPLE_revised,1582_mask.png,test,4,0.9365288595965647,0.7430937886238098,0.9583333134651184,PV_in_HC
STAPLE_revised,1582_mask.png,test,5,0.9410504571362993,0.7572388052940369,0.9200000166893005,PV_in_HC
STAPLE_revised,1599_mask.png,test,1,0.9258862650059179,0.7233553528785706,0.949999988079071,PV_in_HC
STAPLE_revised,1599_mask.png,test,2,0.8918500892325997,0.6471375226974487,0.8999999761581421,PV_in_HC
STAPLE_revised,1599_mask.png,test,3,0.9277765655684049,0.7567505836486816,0.9523809552192688,PV_in_HC
STAPLE_revised,1599_mask.png,test,4,0.9286926994906621,0.6614559888839722,0.8500000238418579,PV_in_HC
STAPLE_revised,1599_mask.png,test,5,0.9348621348621349,0.6715500354766846,0.949999988079071,PV_in_HC
STAPLE,0001_mask.png,train,1,0.8569724086502609,0.5467396974563599,0.807692289352417,PV_in_HC
STAPLE,0001_mask.png,train,2,0.8810382842252956,0.5523620843887329,0.9599999785423279,PV_in_HC
STAPLE,0001_mask.png,train,3,0.9398150257414917,0.7986723184585571,0.9230769276618958,PV_in_HC
STAPLE,0001_mask.png,train,4,0.8783546526210183,0.5917345881462097,0.8799999952316284,PV_in_HC
STAPLE,0001_mask.png,train,5,0.8807667477777227,0.5781919360160828,0.9583333134651184,PV_in_HC
STAPLE,0004_mask.png,train,1,0.8326395312981807,0.43535834550857544,0.7058823704719543,PV_in_HC
STAPLE,0004_mask.png,train,2,0.853686261773303,0.4131975769996643,0.7142857313156128,PV_in_HC
STAPLE,0004_mask.png,train,3,0.890965521894609,0.5584770441055298,0.7749999761581421,PV_in_HC
STAPLE,0004_mask.png,train,4,0.883179012345679,0.5283108949661255,0.8181818127632141,PV_in_HC
STAPLE,0004_mask.png,train,5,0.8428385877907663,0.47259634733200073,0.78125,PV_in_HC
STAPLE,0006_mask.png,train,1,0.6782608695652175,0.45333337783813477,0.6000000238418579,PV_in_HC
STAPLE,0006_mask.png,train,2,0.7713950762016413,0.5425000190734863,0.800000011920929,PV_in_HC
STAPLE,0006_mask.png,train,3,0.9092258224091022,0.696825385093689,1.0,PV_in_HC
STAPLE,0006_mask.png,train,4,0.7559101654846336,0.46857142448425293,0.800000011920929,PV_in_HC
STAPLE,0006_mask.png,train,5,0.9120654396728016,0.6916667222976685,1.0,PV_in_HC
STAPLE,0007_mask.png,train,1,0.79268693894816,0.399335116147995,0.6333333253860474,PV_in_HC
STAPLE,0007_mask.png,train,2,0.8288357748650733,0.44063282012939453,0.8928571343421936,PV_in_HC
STAPLE,0007_mask.png,train,3,0.924468566259611,0.7329642176628113,0.8709677457809448,PV_in_HC
STAPLE,0007_mask.png,train,4,0.8986900718916774,0.5698809623718262,0.8666666746139526,PV_in_HC
STAPLE,0007_mask.png,train,5,0.8999745698058829,0.6282886266708374,0.9642857313156128,PV_in_HC
STAPLE,0008_mask.png,train,1,0.7775403925757778,0.3738706111907959,0.6842105388641357,PV_in_HC
STAPLE,0008_mask.png,train,2,0.9144565286522929,0.6708760261535645,1.0,PV_in_HC
STAPLE,0008_mask.png,train,3,0.9506092124814265,0.8100862503051758,1.0,PV_in_HC
STAPLE,0008_mask.png,train,4,0.884214588961791,0.6545057892799377,0.8823529481887817,PV_in_HC
STAPLE,0008_mask.png,train,5,0.8832613532260175,0.6165623068809509,0.9411764740943909,PV_in_HC
STAPLE,0011_mask.png,train,1,0.8947165445430004,0.6142857074737549,1.0,PV_in_HC
STAPLE,0011_mask.png,train,2,0.8715675057208239,0.552063524723053,1.0,PV_in_HC
STAPLE,0011_mask.png,train,3,0.9536869340232859,0.7764102220535278,1.0,PV_in_HC
STAPLE,0011_mask.png,train,4,0.7705085902833088,0.558571457862854,0.800000011920929,PV_in_HC
STAPLE,0011_mask.png,train,5,0.9445442875481387,0.7777777910232544,1.0,PV_in_HC
STAPLE,0015_mask.png,train,1,0.85886875343218,0.6430555582046509,0.8333333134651184,PV_in_HC
STAPLE,0015_mask.png,train,2,0.8550289942011597,0.5138528347015381,1.0,PV_in_HC
STAPLE,0015_mask.png,train,3,0.8502366463826909,0.6367857456207275,0.8571428656578064,PV_in_HC
STAPLE,0015_mask.png,train,4,0.9518137520303195,0.842424213886261,1.0,PV_in_HC
STAPLE,0015_mask.png,train,5,0.7786306416948111,0.510606050491333,0.75,PV_in_HC
STAPLE,0062_mask.png,train,1,0.7096388741370153,0.4245281219482422,0.6190476417541504,PV_in_HC
STAPLE,0062_mask.png,train,2,0.897528595981746,0.6594300270080566,1.0,PV_in_HC
STAPLE,0062_mask.png,train,3,0.9395082054277974,0.7661589980125427,0.9545454382896423,PV_in_HC
STAPLE,0062_mask.png,train,4,0.8117175763645468,0.5656335353851318,0.8095238208770752,PV_in_HC
STAPLE,0062_mask.png,train,5,0.9295652173913044,0.7282552123069763,0.9545454382896423,PV_in_HC
STAPLE,0063_mask.png,train,1,0.8571010463159434,0.5730277895927429,0.8571428656578064,PV_in_HC
STAPLE,0063_mask.png,train,2,0.8928822564262834,0.59040766954422,1.0,PV_in_HC
STAPLE,0063_mask.png,train,3,0.9602171273480465,0.8603333234786987,1.0,PV_in_HC
STAPLE,0063_mask.png,train,4,0.916565900846433,0.6618615388870239,0.9333333373069763,PV_in_HC
STAPLE,0063_mask.png,train,5,0.9239276640263039,0.7246631383895874,1.0,PV_in_HC
STAPLE,0064_mask.png,train,1,0.834999462538966,0.47199660539627075,0.800000011920929,PV_in_HC
STAPLE,0064_mask.png,train,2,0.7925579040627769,0.43158119916915894,0.8666666746139526,PV_in_HC
STAPLE,0064_mask.png,train,3,0.8963093145869947,0.6542658805847168,0.8125,PV_in_HC
STAPLE,0064_mask.png,train,4,0.904783393501805,0.6341007947921753,0.9333333373069763,PV_in_HC
STAPLE,0064_mask.png,train,5,0.8895265423242469,0.5779491662979126,1.0,PV_in_HC
STAPLE,0067_mask.png,train,1,0.8774901960784314,0.5854427218437195,0.8823529481887817,PV_in_HC
STAPLE,0067_mask.png,train,2,0.8504549068103524,0.427252858877182,0.7894737124443054,PV_in_HC
STAPLE,0067_mask.png,train,3,0.9024551117625504,0.562938392162323,0.8095238208770752,PV_in_HC
STAPLE,0067_mask.png,train,4,0.8999588984792438,0.5628440976142883,0.7368420958518982,PV_in_HC
STAPLE,0067_mask.png,train,5,0.910207468879668,0.6781567931175232,0.9411764740943909,PV_in_HC
STAPLE,0068_mask.png,train,1,0.7843294916465648,0.44300952553749084,0.6216216087341309,PV_in_HC
STAPLE,0068_mask.png,train,2,0.840083027867332,0.4732435643672943,0.9444444179534912,PV_in_HC
STAPLE,0068_mask.png,train,3,0.9346392917686946,0.7800430655479431,0.9729729890823364,PV_in_HC
STAPLE,0068_mask.png,train,4,0.7884632477113145,0.4257509112358093,0.7567567825317383,PV_in_HC
STAPLE,0068_mask.png,train,5,0.8629179572710666,0.533044695854187,0.9444444179534912,PV_in_HC
STAPLE,0069_mask.png,train,1,0.8720054757015743,0.4342857301235199,0.7142857313156128,PV_in_HC
STAPLE,0069_mask.png,train,2,0.8195624195624196,0.4611111283302307,0.6666666865348816,PV_in_HC
STAPLE,0069_mask.png,train,3,0.959929156519814,0.8805195093154907,1.0,PV_in_HC
STAPLE,0069_mask.png,train,4,0.8765284104531288,0.6046428084373474,0.8333333134651184,PV_in_HC
STAPLE,0069_mask.png,train,5,0.8885672937771346,0.6611111760139465,0.8571428656578064,PV_in_HC
STAPLE,0072_mask.png,train,1,0.8612055986170747,0.5444127321243286,0.7419354915618896,PV_in_HC
STAPLE,0072_mask.png,train,2,0.8681745988279752,0.5638066530227661,0.9354838728904724,PV_in_HC
STAPLE,0072_mask.png,train,3,0.8895043731778427,0.6784192323684692,0.8285714387893677,PV_in_HC
STAPLE,0072_mask.png,train,4,0.8541893987250905,0.4729313254356384,0.6666666865348816,PV_in_HC
STAPLE,0072_mask.png,train,5,0.8949152542372881,0.6161062717437744,1.0,PV_in_HC
STAPLE,0074_mask.png,train,1,0.8908166317678733,0.5816666483879089,0.75,PV_in_HC
STAPLE,0074_mask.png,train,2,0.8367276492923714,0.46666663885116577,1.0,PV_in_HC
STAPLE,0074_mask.png,train,3,0.6795149415331312,0.4033333361148834,0.5,PV_in_HC
STAPLE,0074_mask.png,train,4,0.8883183568677792,0.5649999976158142,0.75,PV_in_HC
STAPLE,0074_mask.png,train,5,0.9339152119700748,0.7666667103767395,1.0,PV_in_HC
STAPLE,0076_mask.png,train,1,0.8806903036672382,0.5938066244125366,0.8823529481887817,PV_in_HC
STAPLE,0076_mask.png,train,2,0.8472309827172952,0.5040942430496216,0.9375,PV_in_HC
STAPLE,0076_mask.png,train,3,0.9552690582959642,0.835087776184082,1.0,PV_in_HC
STAPLE,0076_mask.png,train,4,0.9086634536264252,0.7180010676383972,0.9375,PV_in_HC
STAPLE,0076_mask.png,train,5,0.9211307024909039,0.7015706300735474,1.0,PV_in_HC
STAPLE,0077_mask.png,train,1,0.8771163298743856,0.639609158039093,0.9285714030265808,PV_in_HC
STAPLE,0077_mask.png,train,2,0.8250705360741637,0.3767738938331604,1.0,PV_in_HC
STAPLE,0077_mask.png,train,3,0.941155805375022,0.8004428744316101,1.0,PV_in_HC
STAPLE,0077_mask.png,train,4,0.8780258076669492,0.6086676120758057,0.9285714030265808,PV_in_HC
STAPLE,0077_mask.png,train,5,0.8883016208597604,0.5688034296035767,1.0,PV_in_HC
STAPLE,0078_mask.png,train,1,0.8284637486473375,0.5239415168762207,0.78125,PV_in_HC
STAPLE,0078_mask.png,train,2,0.9119093754657922,0.6297997832298279,0.9117646813392639,PV_in_HC
STAPLE,0078_mask.png,train,3,0.8998730096708021,0.668354868888855,0.8421052694320679,PV_in_HC
STAPLE,0078_mask.png,train,4,0.8139106771250201,0.4600434899330139,0.6666666865348816,PV_in_HC
STAPLE,0078_mask.png,train,5,0.8569232542946081,0.6573200225830078,0.84375,PV_in_HC
STAPLE,0082_mask.png,train,1,0.880932400932401,0.31866875290870667,0.6000000238418579,PV_in_HC
STAPLE,0082_mask.png,train,2,0.8861631159888099,0.4177166819572449,0.692307710647583,PV_in_HC
STAPLE,0082_mask.png,train,3,0.9438136826783116,0.7197068929672241,0.8333333134651184,PV_in_HC
STAPLE,0082_mask.png,train,4,0.9417828987265009,0.4930647313594818,0.692307710647583,PV_in_HC
STAPLE,0082_mask.png,train,5,0.9186478082054369,0.43367114663124084,0.75,PV_in_HC
STAPLE,0089_mask.png,train,1,0.8936334405144695,0.4670400023460388,0.6521739363670349,PV_in_HC
STAPLE,0089_mask.png,train,2,0.8826961356304481,0.5580962896347046,0.9444444179534912,PV_in_HC
STAPLE,0089_mask.png,train,3,0.9555046723188315,0.8089473843574524,1.0,PV_in_HC
STAPLE,0089_mask.png,train,4,0.8304532577903683,0.5398549437522888,0.7777777910232544,PV_in_HC
STAPLE,0089_mask.png,train,5,0.902984593566686,0.5661807060241699,0.9444444179534912,PV_in_HC
STAPLE,0091_mask.png,train,1,0.8469682386910491,0.6166666746139526,0.75,PV_in_HC
STAPLE,0091_mask.png,train,2,0.881939393939394,0.5533333420753479,1.0,PV_in_HC
STAPLE,0091_mask.png,train,3,0.9513704686118478,0.8266666531562805,1.0,PV_in_HC
STAPLE,0091_mask.png,train,4,0.7919359007495477,0.35500001907348633,0.75,PV_in_HC
STAPLE,0091_mask.png,train,5,0.9135911602209945,0.6599999666213989,1.0,PV_in_HC
STAPLE,0092_mask.png,train,1,0.8059514487079091,0.45318180322647095,0.625,PV_in_HC
STAPLE,0092_mask.png,train,2,0.8073989939964303,0.3563636839389801,0.6000000238418579,PV_in_HC
STAPLE,0092_mask.png,train,3,0.9607036459072208,0.8920634984970093,1.0,PV_in_HC
STAPLE,0092_mask.png,train,4,0.8860643185298621,0.650557816028595,0.875,PV_in_HC
STAPLE,0092_mask.png,train,5,0.9106347438752784,0.6869065761566162,0.8888888955116272,PV_in_HC
STAPLE,0093_mask.png,train,1,0.8359623902401119,0.3925465941429138,0.6000000238418579,PV_in_HC
STAPLE,0093_mask.png,train,2,0.8697689989956479,0.5326159596443176,0.7777777910232544,PV_in_HC
STAPLE,0093_mask.png,train,3,0.9194133655881463,0.6541904807090759,0.9375,PV_in_HC
STAPLE,0093_mask.png,train,4,0.8295726495726495,0.4624379575252533,0.75,PV_in_HC
STAPLE,0093_mask.png,train,5,0.867205169628433,0.5697714686393738,0.7647058963775635,PV_in_HC
STAPLE,0094_mask.png,train,1,0.9327521793275219,0.7699999809265137,1.0,PV_in_HC
STAPLE,0094_mask.png,train,2,0.7180005778676682,0.47583335638046265,0.625,PV_in_HC
STAPLE,0094_mask.png,train,3,0.9761321909424725,0.949999988079071,1.0,PV_in_HC
STAPLE,0094_mask.png,train,4,0.9360824742268041,0.7628571391105652,1.0,PV_in_HC
STAPLE,0094_mask.png,train,5,0.9409349336702464,0.7914285659790039,1.0,PV_in_HC
STAPLE,0096_mask.png,train,1,0.7606526950738536,0.35680848360061646,0.625,PV_in_HC
STAPLE,0096_mask.png,train,2,0.7283712343710665,0.27357035875320435,0.5789473652839661,PV_in_HC
STAPLE,0096_mask.png,train,3,0.8753147801381804,0.606651782989502,0.7777777910232544,PV_in_HC
STAPLE,0096_mask.png,train,4,0.7908882333661095,0.43564707040786743,0.6875,PV_in_HC
STAPLE,0096_mask.png,train,5,0.9006612891504977,0.628247857093811,0.8666666746139526,PV_in_HC
STAPLE,0098_mask.png,train,1,0.8092927207021167,0.48937517404556274,0.692307710647583,PV_in_HC
STAPLE,0098_mask.png,train,2,0.7445384766778192,0.4261661469936371,0.800000011920929,PV_in_HC
STAPLE,0098_mask.png,train,3,0.9483125288950531,0.8055872917175293,1.0,PV_in_HC
STAPLE,0098_mask.png,train,4,0.852928870292887,0.4746344983577728,0.6666666865348816,PV_in_HC
STAPLE,0098_mask.png,train,5,0.9055472263868066,0.694399893283844,0.8461538553237915,PV_in_HC
STAPLE,0099_mask.png,train,1,0.7057837384744342,0.41513556241989136,0.6363636255264282,PV_in_HC
STAPLE,0099_mask.png,train,2,0.881585811163276,0.631865382194519,0.9166666865348816,PV_in_HC
STAPLE,0099_mask.png,train,3,0.8082157045051136,0.5467507243156433,0.7333333492279053,PV_in_HC
STAPLE,0099_mask.png,train,4,0.8081415519833469,0.5539088249206543,0.8181818127632141,PV_in_HC
STAPLE,0099_mask.png,train,5,0.9274694450010018,0.7592262029647827,0.9166666865348816,PV_in_HC
STAPLE,0100_mask.png,train,1,0.5594868611628387,0.3544444441795349,0.625,PV_in_HC
STAPLE,0100_mask.png,train,2,0.8817749603803486,0.44214287400245667,0.8571428656578064,PV_in_HC
STAPLE,0100_mask.png,train,3,0.8675728155339806,0.7565476298332214,0.8571428656578064,PV_in_HC
STAPLE,0100_mask.png,train,4,0.8955177743431221,0.6733766198158264,1.0,PV_in_HC
STAPLE,0100_mask.png,train,5,0.9174956114686952,0.6708333492279053,0.8571428656578064,PV_in_HC
STAPLE,0101_mask.png,train,1,0.8114148186350353,0.3044065833091736,0.5333333611488342,PV_in_HC
STAPLE,0101_mask.png,train,2,0.7821015393441055,0.31046223640441895,0.7857142686843872,PV_in_HC
STAPLE,0101_mask.png,train,3,0.9017796289284362,0.6434083580970764,0.8125,PV_in_HC
STAPLE,0101_mask.png,train,4,0.7777675869026874,0.3992307782173157,0.8461538553237915,PV_in_HC
STAPLE,0101_mask.png,train,5,0.9049031855090569,0.7453948855400085,0.9285714030265808,PV_in_HC
STAPLE,0106_mask.png,train,1,0.8643990929705215,0.44999998807907104,0.6666666865348816,PV_in_HC
STAPLE,0106_mask.png,train,2,0.8760245901639344,0.6399999856948853,1.0,PV_in_HC
STAPLE,0106_mask.png,train,3,0.7829487680876026,0.5066666603088379,0.75,PV_in_HC
STAPLE,0106_mask.png,train,4,0.8986828774062816,0.5333333611488342,0.6666666865348816,PV_in_HC
STAPLE,0106_mask.png,train,5,0.911166253101737,0.5583333373069763,0.6666666865348816,PV_in_HC
STAPLE,0144_mask.png,train,1,0.7979488322835963,0.4236007630825043,0.695652186870575,PV_in_HC
STAPLE,0144_mask.png,train,2,0.8881767583066285,0.5259885191917419,0.8695651888847351,PV_in_HC
STAPLE,0144_mask.png,train,3,0.883661370642637,0.5544260144233704,0.7599999904632568,PV_in_HC
STAPLE,0144_mask.png,train,4,0.8621087948957703,0.5274868011474609,0.9047619104385376,PV_in_HC
STAPLE,0144_mask.png,train,5,0.8725083763984326,0.5689626932144165,0.9523809552192688,PV_in_HC
STAPLE,0145_mask.png,train,1,0.8022986375011586,0.4511082172393799,0.7777777910232544,PV_in_HC
STAPLE,0145_mask.png,train,2,0.8749432385796022,0.5881754159927368,0.9285714030265808,PV_in_HC
STAPLE,0145_mask.png,train,3,0.8759547010797999,0.634813666343689,0.8709677457809448,PV_in_HC
STAPLE,0145_mask.png,train,4,0.833647610725291,0.5217628479003906,0.75,PV_in_HC
STAPLE,0145_mask.png,train,5,0.8989392800467719,0.5807188153266907,0.8387096524238586,PV_in_HC
STAPLE,0148_mask.png,train,1,0.8092586146884789,0.4636859893798828,0.7058823704719543,PV_in_HC
STAPLE,0148_mask.png,train,2,0.8619989558559081,0.5957623720169067,0.8888888955116272,PV_in_HC
STAPLE,0148_mask.png,train,3,0.9018414401403002,0.6956701874732971,0.9444444179534912,PV_in_HC
STAPLE,0148_mask.png,train,4,0.8380453326834024,0.5490196943283081,0.7647058963775635,PV_in_HC
STAPLE,0148_mask.png,train,5,0.8781278962001853,0.6119664907455444,0.8235294222831726,PV_in_HC
STAPLE,0149_mask.png,train,1,0.7223773434383726,0.4342857301235199,0.6000000238418579,PV_in_HC
STAPLE,0149_mask.png,train,2,0.8582662422767272,0.5361111164093018,1.0,PV_in_HC
STAPLE,0149_mask.png,train,3,0.883736014269499,0.6504761576652527,0.8333333134651184,PV_in_HC
STAPLE,0149_mask.png,train,4,0.8558456299659478,0.59333336353302,0.8333333134651184,PV_in_HC
STAPLE,0149_mask.png,train,5,0.9345365053322395,0.7583333253860474,1.0,PV_in_HC
STAPLE,0150_mask.png,train,1,0.8534810760296375,0.5398849248886108,0.8571428656578064,PV_in_HC
STAPLE,0150_mask.png,train,2,0.8635914797573705,0.3356313109397888,0.5,PV_in_HC
STAPLE,0150_mask.png,train,3,0.8752855720227285,0.42060160636901855,0.6842105388641357,PV_in_HC
STAPLE,0150_mask.png,train,4,0.7677953348382242,0.37111184000968933,0.5625,PV_in_HC
STAPLE,0150_mask.png,train,5,0.9278560949161191,0.5233808755874634,0.7058823704719543,PV_in_HC
STAPLE,0152_mask.png,train,1,0.8121833323627046,0.4524596333503723,0.7333333492279053,PV_in_HC
STAPLE,0152_mask.png,train,2,0.8918299530193652,0.4116891026496887,0.6842105388641357,PV_in_HC
STAPLE,0152_mask.png,train,3,0.9415821709815224,0.5185673832893372,0.6842105388641357,PV_in_HC
STAPLE,0152_mask.png,train,4,0.8704999720060467,0.38073545694351196,0.6666666865348816,PV_in_HC
STAPLE,0152_mask.png,train,5,0.8850122569978907,0.47804006934165955,0.7058823704719543,PV_in_HC
STAPLE_revised,1237_mask.png,test,1,0.5136329447160587,0.1793700009584427,0.291262149810791,cFOS_in_HC
STAPLE_revised,1237_mask.png,test,2,0.8260759218302456,0.40192335844039917,0.7837837934494019,cFOS_in_HC
STAPLE_revised,1237_mask.png,test,3,0.7713082729583128,0.3303219676017761,0.6696428656578064,cFOS_in_HC
STAPLE_revised,1237_mask.png,test,4,0.7784375680976248,0.32669302821159363,0.609929084777832,cFOS_in_HC
STAPLE_revised,1237_mask.png,test,5,0.7138921977367481,0.2596459984779358,0.48571428656578064,cFOS_in_HC
STAPLE_revised,1283_mask.png,test,1,0.7902105734767025,0.48771119117736816,0.6666666865348816,cFOS_in_HC
STAPLE_revised,1283_mask.png,test,2,0.8617228149471803,0.5170207023620605,0.9365079402923584,cFOS_in_HC
STAPLE_revised,1283_mask.png,test,3,0.8493093344495606,0.4804230332374573,0.8484848737716675,cFOS_in_HC
STAPLE_revised,1283_mask.png,test,4,0.8893645484949833,0.580746054649353,0.8636363744735718,cFOS_in_HC
STAPLE_revised,1283_mask.png,test,5,0.8959672427748416,0.5914366841316223,0.868852436542511,cFOS_in_HC
STAPLE_revised,1377_mask.png,test,1,0.6001735859973961,0.28224098682403564,0.3589743673801422,cFOS_in_HC
STAPLE_revised,1377_mask.png,test,2,0.6927306866952789,0.17748680710792542,0.48076921701431274,cFOS_in_HC
STAPLE_revised,1377_mask.png,test,3,0.739517787053766,0.3193131685256958,0.6041666865348816,cFOS_in_HC
STAPLE_revised,1377_mask.png,test,4,0.8059042626569182,0.34905508160591125,0.6000000238418579,cFOS_in_HC
STAPLE_revised,1377_mask.png,test,5,0.8175198467013413,0.4288974702358246,0.625,cFOS_in_HC
STAPLE_revised,1385_mask.png,test,1,0.769394261424017,0.4851681590080261,0.6315789222717285,cFOS_in_HC
STAPLE_revised,1385_mask.png,test,2,0.8438407494145199,0.5136023759841919,0.8947368264198303,cFOS_in_HC
STAPLE_revised,1385_mask.png,test,3,0.8468585176274638,0.4946039617061615,0.9473684430122375,cFOS_in_HC
STAPLE_revised,1385_mask.png,test,4,0.8203331665117609,0.509465754032135,0.7708333134651184,cFOS_in_HC
STAPLE_revised,1385_mask.png,test,5,0.8483303174864286,0.5245562195777893,0.7692307829856873,cFOS_in_HC
STAPLE_revised,1418_mask.png,test,1,0.4623130912419896,0.18792098760604858,0.24137930572032928,cFOS_in_HC
STAPLE_revised,1418_mask.png,test,2,0.7359536407155455,0.32340389490127563,0.625,cFOS_in_HC
STAPLE_revised,1418_mask.png,test,3,0.8646131046893193,0.5579797625541687,0.8666666746139526,cFOS_in_HC
STAPLE_revised,1418_mask.png,test,4,0.7574489042107855,0.31979554891586304,0.5853658318519592,cFOS_in_HC
STAPLE_revised,1418_mask.png,test,5,0.7209966853354669,0.3217795491218567,0.48275861144065857,cFOS_in_HC
STAPLE_revised,1444_mask.png,test,1,0.5645081562036579,0.21801380813121796,0.27586206793785095,cFOS_in_HC
STAPLE_revised,1444_mask.png,test,2,0.7113450512266191,0.30694296956062317,0.5714285969734192,cFOS_in_HC
STAPLE_revised,1444_mask.png,test,3,0.5810760667903525,0.22610966861248016,0.4838709533214569,cFOS_in_HC
STAPLE_revised,1444_mask.png,test,4,0.7573891625615764,0.36181753873825073,0.6341463327407837,cFOS_in_HC
STAPLE_revised,1444_mask.png,test,5,0.7254986616008982,0.2409813404083252,0.3947368562221527,cFOS_in_HC
STAPLE_revised,1582_mask.png,test,1,0.3523610847714773,0.15654762089252472,0.190476194024086,cFOS_in_HC
STAPLE_revised,1582_mask.png,test,2,0.8071475843812045,0.3487216830253601,0.8260869383811951,cFOS_in_HC
STAPLE_revised,1582_mask.png,test,3,0.7876515435570554,0.42805686593055725,0.695652186870575,cFOS_in_HC
STAPLE_revised,1582_mask.png,test,4,0.7517875383043923,0.3815874457359314,0.6206896305084229,cFOS_in_HC
STAPLE_revised,1582_mask.png,test,5,0.692790824685964,0.3296496868133545,0.4545454680919647,cFOS_in_HC
STAPLE_revised,1599_mask.png,test,1,0.3205174272367948,0.10447627305984497,0.17241379618644714,cFOS_in_HC
STAPLE_revised,1599_mask.png,test,2,0.8060666889706702,0.4154863953590393,0.7647058963775635,cFOS_in_HC
STAPLE_revised,1599_mask.png,test,3,0.6442488093519989,0.23208777606487274,0.4482758641242981,cFOS_in_HC
STAPLE_revised,1599_mask.png,test,4,0.7303320504788329,0.3173116445541382,0.52173912525177,cFOS_in_HC
STAPLE_revised,1599_mask.png,test,5,0.738886289190454,0.2638724446296692,0.4333333373069763,cFOS_in_HC
STAPLE,0001_mask.png,train,1,0.6152321981424149,0.20979292690753937,0.38461539149284363,cFOS_in_HC
STAPLE,0001_mask.png,train,2,0.854104540595285,0.4475824236869812,0.7279411554336548,cFOS_in_HC
STAPLE,0001_mask.png,train,3,0.8008305647840531,0.2984389066696167,0.6382978558540344,cFOS_in_HC
STAPLE,0001_mask.png,train,4,0.8315533508413578,0.3304336667060852,0.5310344696044922,cFOS_in_HC
STAPLE,0001_mask.png,train,5,0.701514538412625,0.23245342075824738,0.42592594027519226,cFOS_in_HC
STAPLE,0004_mask.png,train,1,0.6103134167052647,0.25865668058395386,0.46666666865348816,cFOS_in_HC
STAPLE,0004_mask.png,train,2,0.8229025710419486,0.3698485791683197,0.7709923386573792,cFOS_in_HC
STAPLE,0004_mask.png,train,3,0.8507095954246982,0.47445088624954224,0.7822580933570862,cFOS_in_HC
STAPLE,0004_mask.png,train,4,0.8571312705300296,0.49958938360214233,0.7398374080657959,cFOS_in_HC
STAPLE,0004_mask.png,train,5,0.6824268700949454,0.2589149475097656,0.4719626307487488,cFOS_in_HC
STAPLE,0006_mask.png,train,1,0.4781218781218782,0.08335030823945999,0.16489361226558685,cFOS_in_HC
STAPLE,0006_mask.png,train,2,0.7096761271456327,0.18836519122123718,0.38693466782569885,cFOS_in_HC
STAPLE,0006_mask.png,train,3,0.8325259155076313,0.23911261558532715,0.4467005133628845,cFOS_in_HC
STAPLE,0006_mask.png,train,4,0.8294401898016504,0.26941922307014465,0.4264705777168274,cFOS_in_HC
STAPLE,0006_mask.png,train,5,0.7341812860795317,0.15927159786224365,0.3136531412601471,cFOS_in_HC
STAPLE,0007_mask.png,train,1,0.6350533720301047,0.26064056158065796,0.43697479367256165,cFOS_in_HC
STAPLE,0007_mask.png,train,2,0.8015824462661609,0.3522856831550598,0.7121211886405945,cFOS_in_HC
STAPLE,0007_mask.png,train,3,0.8119260284312493,0.3312101662158966,0.6742424368858337,cFOS_in_HC
STAPLE,0007_mask.png,train,4,0.8194291243347847,0.3560834527015686,0.671875,cFOS_in_HC
STAPLE,0007_mask.png,train,5,0.6714441193515103,0.2465105801820755,0.46046510338783264,cFOS_in_HC
STAPLE,0008_mask.png,train,1,0.6579921717973131,0.3091707229614258,0.5454545617103577,cFOS_in_HC
STAPLE,0008_mask.png,train,2,0.8300726662940189,0.489055871963501,0.8470588326454163,cFOS_in_HC
STAPLE,0008_mask.png,train,3,0.8291380976485205,0.4390697479248047,0.7560975551605225,cFOS_in_HC
STAPLE,0008_mask.png,train,4,0.8359565506539569,0.4428707957267761,0.8023256063461304,cFOS_in_HC
STAPLE,0008_mask.png,train,5,0.7977279371841457,0.3694879114627838,0.6391752362251282,cFOS_in_HC
STAPLE,0011_mask.png,train,1,0.6798724514445841,0.28999006748199463,0.4848484992980957,cFOS_in_HC
STAPLE,0011_mask.png,train,2,0.8735677442217585,0.49397391080856323,0.7735849022865295,cFOS_in_HC
STAPLE,0011_mask.png,train,3,0.8712133354704279,0.43646153807640076,0.7155963182449341,cFOS_in_HC
STAPLE,0011_mask.png,train,4,0.8105255277736187,0.38742923736572266,0.6698113083839417,cFOS_in_HC
STAPLE,0011_mask.png,train,5,0.8269371134416658,0.35792824625968933,0.6752136945724487,cFOS_in_HC
STAPLE,0015_mask.png,train,1,0.5537963712007395,0.12358347326517105,0.27108433842658997,cFOS_in_HC
STAPLE,0015_mask.png,train,2,0.7945308674526348,0.2800455391407013,0.5549132823944092,cFOS_in_HC
STAPLE,0015_mask.png,train,3,0.7321224538040265,0.1999652236700058,0.3877550959587097,cFOS_in_HC
STAPLE,0015_mask.png,train,4,0.8345756505819275,0.30379682779312134,0.521276593208313,cFOS_in_HC
STAPLE,0015_mask.png,train,5,0.7923306348530038,0.23054346442222595,0.4680851101875305,cFOS_in_HC
STAPLE,0062_mask.png,train,1,0.3375959079283887,0.13367889821529388,0.1818181872367859,cFOS_in_HC
STAPLE,0062_mask.png,train,2,0.6762032985526758,0.2546754479408264,0.5,cFOS_in_HC
STAPLE,0062_mask.png,train,3,0.7627616926503341,0.37066757678985596,0.6571428775787354,cFOS_in_HC
STAPLE,0062_mask.png,train,4,0.8382684503231624,0.4372008442878723,0.7878788113594055,cFOS_in_HC
STAPLE,0062_mask.png,train,5,0.8352825137381992,0.43586692214012146,0.800000011920929,cFOS_in_HC
STAPLE,0063_mask.png,train,1,0.6162198391420912,0.261722207069397,0.46341463923454285,cFOS_in_HC
STAPLE,0063_mask.png,train,2,0.8445089189770041,0.5306069850921631,0.8235294222831726,cFOS_in_HC
STAPLE,0063_mask.png,train,3,0.8899082568807339,0.569826066493988,0.8409090638160706,cFOS_in_HC
STAPLE,0063_mask.png,train,4,0.8616501184416108,0.510539174079895,0.8295454382896423,cFOS_in_HC
STAPLE,0063_mask.png,train,5,0.8256736173118336,0.4532874524593353,0.7333333492279053,cFOS_in_HC
STAPLE,0064_mask.png,train,1,0.480419918502659,0.14090850949287415,0.2769230902194977,cFOS_in_HC
STAPLE,0064_mask.png,train,2,0.7384150617683551,0.2469709813594818,0.6571428775787354,cFOS_in_HC
STAPLE,0064_mask.png,train,3,0.6914400915381681,0.223540261387825,0.45121949911117554,cFOS_in_HC
STAPLE,0064_mask.png,train,4,0.7277655167073218,0.3673416078090668,0.6097561120986938,cFOS_in_HC
STAPLE,0064_mask.png,train,5,0.7156412094631637,0.2599651515483856,0.5797101259231567,cFOS_in_HC
STAPLE,0067_mask.png,train,1,0.4145942408376963,0.12743636965751648,0.29032257199287415,cFOS_in_HC
STAPLE,0067_mask.png,train,2,0.660557464681176,0.31868264079093933,0.6222222447395325,cFOS_in_HC
STAPLE,0067_mask.png,train,3,0.7047799536744578,0.2838746905326843,0.5853658318519592,cFOS_in_HC
STAPLE,0067_mask.png,train,4,0.7362899380066762,0.329288125038147,0.6451612710952759,cFOS_in_HC
STAPLE,0067_mask.png,train,5,0.7807104584242905,0.4247387945652008,0.7777777910232544,cFOS_in_HC
STAPLE,0068_mask.png,train,1,0.7149087781804779,0.3455684781074524,0.5454545617103577,cFOS_in_HC
STAPLE,0068_mask.png,train,2,0.6695556931282441,0.23162195086479187,0.4675324559211731,cFOS_in_HC
STAPLE,0068_mask.png,train,3,0.8255707762557077,0.43112191557884216,0.804347813129425,cFOS_in_HC
STAPLE,0068_mask.png,train,4,0.8776820673453406,0.5392034649848938,0.8478260636329651,cFOS_in_HC
STAPLE,0068_mask.png,train,5,0.7817012754295352,0.3473625183105469,0.6800000071525574,cFOS_in_HC
STAPLE,0069_mask.png,train,1,0.6309754396838924,0.2982428967952728,0.4375,cFOS_in_HC
STAPLE,0069_mask.png,train,2,0.8494577006507592,0.45671147108078003,0.7599999904632568,cFOS_in_HC
STAPLE,0069_mask.png,train,3,0.8348855774348057,0.4098237454891205,0.7083333134651184,cFOS_in_HC
STAPLE,0069_mask.png,train,4,0.8598853153826975,0.47861307859420776,0.7464788556098938,cFOS_in_HC
STAPLE,0069_mask.png,train,5,0.8181286238629715,0.40939512848854065,0.7250000238418579,cFOS_in_HC
STAPLE,0072_mask.png,train,1,0.6407243239528571,0.23618833720684052,0.4647887349128723,cFOS_in_HC
STAPLE,0072_mask.png,train,2,0.8179584995086989,0.3338000178337097,0.7033898234367371,cFOS_in_HC
STAPLE,0072_mask.png,train,3,0.8418515364519434,0.3584928512573242,0.6554622054100037,cFOS_in_HC
STAPLE,0072_mask.png,train,4,0.8280112329567837,0.35890161991119385,0.680497944355011,cFOS_in_HC
STAPLE,0072_mask.png,train,5,0.8240741962295017,0.3589469790458679,0.6709956526756287,cFOS_in_HC
STAPLE,0074_mask.png,train,1,0.4953994614003591,0.16916801035404205,0.29012346267700195,cFOS_in_HC
STAPLE,0074_mask.png,train,2,0.8312278507400458,0.32850417494773865,0.6084656119346619,cFOS_in_HC
STAPLE,0074_mask.png,train,3,0.8104681404421327,0.26987847685813904,0.5432692170143127,cFOS_in_HC
STAPLE,0074_mask.png,train,4,0.8392752555309944,0.32771897315979004,0.5956284403800964,cFOS_in_HC
STAPLE,0074_mask.png,train,5,0.8128702306928143,0.2820418179035187,0.5192307829856873,cFOS_in_HC
STAPLE,0076_mask.png,train,1,0.5836880953110165,0.2794194519519806,0.43790850043296814,cFOS_in_HC
STAPLE,0076_mask.png,train,2,0.8826889176166413,0.5645906925201416,0.9096774458885193,cFOS_in_HC
STAPLE,0076_mask.png,train,3,0.8555511526537842,0.46866828203201294,0.8170731663703918,cFOS_in_HC
STAPLE,0076_mask.png,train,4,0.823534255599473,0.43824952840805054,0.7292817831039429,cFOS_in_HC
STAPLE,0076_mask.png,train,5,0.8173085677865792,0.3883442282676697,0.6685393452644348,cFOS_in_HC
STAPLE,0077_mask.png,train,1,0.6515085536547434,0.17850452661514282,0.3777777850627899,cFOS_in_HC
STAPLE,0077_mask.png,train,2,0.8040750670241287,0.2660611569881439,0.5584415793418884,cFOS_in_HC
STAPLE,0077_mask.png,train,3,0.7264488570768876,0.12139347940683365,0.2886597812175751,cFOS_in_HC
STAPLE,0077_mask.png,train,4,0.8070849781840849,0.2718277871608734,0.534246563911438,cFOS_in_HC
STAPLE,0077_mask.png,train,5,0.7759657770732449,0.24136576056480408,0.5460526347160339,cFOS_in_HC
STAPLE,0078_mask.png,train,1,0.43967563291139244,0.1592148244380951,0.24087591469287872,cFOS_in_HC
STAPLE,0078_mask.png,train,2,0.8361003263225592,0.4251103401184082,0.7832167744636536,cFOS_in_HC
STAPLE,0078_mask.png,train,3,0.8030575539568344,0.36055585741996765,0.7133333086967468,cFOS_in_HC
STAPLE,0078_mask.png,train,4,0.8193517174649251,0.4177393317222595,0.6987179517745972,cFOS_in_HC
STAPLE,0078_mask.png,train,5,0.8058911419423692,0.40461286902427673,0.6797385811805725,cFOS_in_HC
STAPLE,0082_mask.png,train,1,0.6516413003128811,0.31317251920700073,0.47191011905670166,cFOS_in_HC
STAPLE,0082_mask.png,train,2,0.8577907076238557,0.45937323570251465,0.8333333134651184,cFOS_in_HC
STAPLE,0082_mask.png,train,3,0.8809046298271815,0.5300151705741882,0.9101123809814453,cFOS_in_HC
STAPLE,0082_mask.png,train,4,0.8526260319690848,0.4907386898994446,0.8131868243217468,cFOS_in_HC
STAPLE,0082_mask.png,train,5,0.8397521195300917,0.45142966508865356,0.7916666865348816,cFOS_in_HC
STAPLE,0089_mask.png,train,1,0.5871238256992729,0.16601812839508057,0.33497536182403564,cFOS_in_HC
STAPLE,0089_mask.png,train,2,0.8104401389912603,0.27140164375305176,0.5421686768531799,cFOS_in_HC
STAPLE,0089_mask.png,train,3,0.8029135159643708,0.23718559741973877,0.5062761306762695,cFOS_in_HC
STAPLE,0089_mask.png,train,4,0.8576497023692199,0.3516356945037842,0.6064814925193787,cFOS_in_HC
STAPLE,0089_mask.png,train,5,0.8048890160650779,0.2865573763847351,0.5904762148857117,cFOS_in_HC
STAPLE,0091_mask.png,train,1,0.5466356493877014,0.23212604224681854,0.3684210479259491,cFOS_in_HC
STAPLE,0091_mask.png,train,2,0.8286027697792404,0.41199010610580444,0.7363636493682861,cFOS_in_HC
STAPLE,0091_mask.png,train,3,0.811227974320448,0.36225706338882446,0.6666666865348816,cFOS_in_HC
STAPLE,0091_mask.png,train,4,0.8447765567765568,0.4047566056251526,0.7142857313156128,cFOS_in_HC
STAPLE,0091_mask.png,train,5,0.8141113444738685,0.4108239710330963,0.7064220309257507,cFOS_in_HC
STAPLE,0092_mask.png,train,1,0.6563557428334291,0.19691237807273865,0.33936652541160583,cFOS_in_HC
STAPLE,0092_mask.png,train,2,0.7742729918654693,0.23271766304969788,0.43034055829048157,cFOS_in_HC
STAPLE,0092_mask.png,train,3,0.7944761298167395,0.2147502601146698,0.43703705072402954,cFOS_in_HC
STAPLE,0092_mask.png,train,4,0.8018097272841525,0.24181509017944336,0.4351145029067993,cFOS_in_HC
STAPLE,0092_mask.png,train,5,0.8047530934128873,0.25274938344955444,0.4571428596973419,cFOS_in_HC
STAPLE,0093_mask.png,train,1,0.5899674962402368,0.2323133945465088,0.38211381435394287,cFOS_in_HC
STAPLE,0093_mask.png,train,2,0.7852153873426698,0.3291246294975281,0.5714285969734192,cFOS_in_HC
STAPLE,0093_mask.png,train,3,0.8325057862356828,0.3964717984199524,0.7185184955596924,cFOS_in_HC
STAPLE,0093_mask.png,train,4,0.8671246679490702,0.4653490483760834,0.7615384459495544,cFOS_in_HC
STAPLE,0093_mask.png,train,5,0.8326086175297372,0.38521137833595276,0.6447368264198303,cFOS_in_HC
STAPLE,0094_mask.png,train,1,0.5803511891531451,0.2588682770729065,0.4403669834136963,cFOS_in_HC
STAPLE,0094_mask.png,train,2,0.8320193359037809,0.40769901871681213,0.7804877758026123,cFOS_in_HC
STAPLE,0094_mask.png,train,3,0.8573433115060805,0.47742992639541626,0.8495575189590454,cFOS_in_HC
STAPLE,0094_mask.png,train,4,0.8748447204968943,0.5380477905273438,0.8442623019218445,cFOS_in_HC
STAPLE,0094_mask.png,train,5,0.865184396218879,0.5062667727470398,0.875,cFOS_in_HC
STAPLE,0096_mask.png,train,1,0.5836991018974947,0.24047645926475525,0.40909090638160706,cFOS_in_HC
STAPLE,0096_mask.png,train,2,0.7833497675728976,0.39363473653793335,0.7043478488922119,cFOS_in_HC
STAPLE,0096_mask.png,train,3,0.8187059932361257,0.41230282187461853,0.7555555701255798,cFOS_in_HC
STAPLE,0096_mask.png,train,4,0.8779090755938486,0.5203746557235718,0.8850574493408203,cFOS_in_HC
STAPLE,0096_mask.png,train,5,0.8288844386853575,0.40620723366737366,0.6818181872367859,cFOS_in_HC
STAPLE,0098_mask.png,train,1,0.4940520733878668,0.1331205517053604,0.24223601818084717,cFOS_in_HC
STAPLE,0098_mask.png,train,2,0.7729579823138506,0.23060795664787292,0.4568965435028076,cFOS_in_HC
STAPLE,0098_mask.png,train,3,0.8164540989653097,0.2757565677165985,0.5260416865348816,cFOS_in_HC
STAPLE,0098_mask.png,train,4,0.8170962358613016,0.2869909107685089,0.5721924901008606,cFOS_in_HC
STAPLE,0098_mask.png,train,5,0.8156805807622505,0.27033165097236633,0.48404255509376526,cFOS_in_HC
STAPLE,0099_mask.png,train,1,0.4564986310194878,0.16175255179405212,0.2752293646335602,cFOS_in_HC
STAPLE,0099_mask.png,train,2,0.6748909657320873,0.28312376141548157,0.5138121843338013,cFOS_in_HC
STAPLE,0099_mask.png,train,3,0.8411124240378123,0.44912391901016235,0.75,cFOS_in_HC
STAPLE,0099_mask.png,train,4,0.8318348463687151,0.3987385034561157,0.769911527633667,cFOS_in_HC
STAPLE,0099_mask.png,train,5,0.7974715319139226,0.36648300290107727,0.6637930870056152,cFOS_in_HC
STAPLE,0100_mask.png,train,1,0.6328109343059842,0.31158119440078735,0.45370370149612427,cFOS_in_HC
STAPLE,0100_mask.png,train,2,0.7878003251640875,0.4046719968318939,0.7089552283287048,cFOS_in_HC
STAPLE,0100_mask.png,train,3,0.8698121032315692,0.5205145478248596,0.8214285969734192,cFOS_in_HC
STAPLE,0100_mask.png,train,4,0.8911990970386432,0.5475500226020813,0.8103448152542114,cFOS_in_HC
STAPLE,0100_mask.png,train,5,0.8231772781989133,0.4436969757080078,0.7981651425361633,cFOS_in_HC
STAPLE,0101_mask.png,train,1,0.48125362739408006,0.16600114107131958,0.25619834661483765,cFOS_in_HC
STAPLE,0101_mask.png,train,2,0.7455195353224445,0.31290262937545776,0.5833333134651184,cFOS_in_HC
STAPLE,0101_mask.png,train,3,0.8154851145855644,0.3180733919143677,0.6478873491287231,cFOS_in_HC
STAPLE,0101_mask.png,train,4,0.8219096725427206,0.3429109454154968,0.6461538672447205,cFOS_in_HC
STAPLE,0101_mask.png,train,5,0.7788163716814158,0.3117341697216034,0.5348837375640869,cFOS_in_HC
STAPLE,0106_mask.png,train,1,0.6243956178468694,0.26683753728866577,0.40506330132484436,cFOS_in_HC
STAPLE,0106_mask.png,train,2,0.8552188552188552,0.4640718102455139,0.8488371968269348,cFOS_in_HC
STAPLE,0106_mask.png,train,3,0.8587454426474712,0.4502812325954437,0.7333333492279053,cFOS_in_HC
STAPLE,0106_mask.png,train,4,0.8471321900385657,0.4611918032169342,0.8095238208770752,cFOS_in_HC
STAPLE,0106_mask.png,train,5,0.8238360504931773,0.43212777376174927,0.7922077775001526,cFOS_in_HC
STAPLE,0144_mask.png,train,1,0.2236503856041131,0.1031385287642479,0.15000000596046448,cFOS_in_HC
STAPLE,0144_mask.png,train,2,0.6681313316245576,0.22857101261615753,0.5666666626930237,cFOS_in_HC
STAPLE,0144_mask.png,train,3,0.6927043335161821,0.2878566086292267,0.5666666626930237,cFOS_in_HC
STAPLE,0144_mask.png,train,4,0.7147658055030456,0.23053403198719025,0.5,cFOS_in_HC
STAPLE,0144_mask.png,train,5,0.7499652922393447,0.3857041597366333,0.523809552192688,cFOS_in_HC
STAPLE,0145_mask.png,train,1,0.2819851267263621,0.07466946542263031,0.19607843458652496,cFOS_in_HC
STAPLE,0145_mask.png,train,2,0.6964654337110839,0.25883838534355164,0.517241358757019,cFOS_in_HC
STAPLE,0145_mask.png,train,3,0.8223554680508324,0.39173778891563416,0.7678571343421936,cFOS_in_HC
STAPLE,0145_mask.png,train,4,0.8121087461992488,0.3925322890281677,0.698113203048706,cFOS_in_HC
STAPLE,0145_mask.png,train,5,0.8118794247295071,0.40117597579956055,0.6666666865348816,cFOS_in_HC
STAPLE,0148_mask.png,train,1,0.2923696319018405,0.07167473435401917,0.14000000059604645,cFOS_in_HC
STAPLE,0148_mask.png,train,2,0.7341139907875022,0.32118141651153564,0.6027397513389587,cFOS_in_HC
STAPLE,0148_mask.png,train,3,0.7445633008110968,0.2668192684650421,0.5384615659713745,cFOS_in_HC
STAPLE,0148_mask.png,train,4,0.7715408976739107,0.2564541697502136,0.5185185074806213,cFOS_in_HC
STAPLE,0148_mask.png,train,5,0.6614090431125131,0.2361954003572464,0.40740740299224854,cFOS_in_HC
STAPLE,0149_mask.png,train,1,0.5318435754189944,0.21895816922187805,0.3255814015865326,cFOS_in_HC
STAPLE,0149_mask.png,train,2,0.7083440528256582,0.26469048857688904,0.546875,cFOS_in_HC
STAPLE,0149_mask.png,train,3,0.8336117936117936,0.45132917165756226,0.761904776096344,cFOS_in_HC
STAPLE,0149_mask.png,train,4,0.854248820845898,0.534993588924408,0.782608687877655,cFOS_in_HC
STAPLE,0149_mask.png,train,5,0.8438422789647386,0.4828597605228424,0.8095238208770752,cFOS_in_HC
STAPLE,0150_mask.png,train,1,0.24175487037889248,0.0837394967675209,0.125,cFOS_in_HC
STAPLE,0150_mask.png,train,2,0.5525682182985554,0.17554320394992828,0.3802816867828369,cFOS_in_HC
STAPLE,0150_mask.png,train,3,0.7532305498618661,0.31581205129623413,0.6578947305679321,cFOS_in_HC
STAPLE,0150_mask.png,train,4,0.6701623474841183,0.2998695373535156,0.4000000059604645,cFOS_in_HC
STAPLE,0150_mask.png,train,5,0.7203720621210863,0.24888114631175995,0.5277777910232544,cFOS_in_HC
STAPLE,0152_mask.png,train,1,0.47010138630250364,0.143313929438591,0.22807016968727112,cFOS_in_HC
STAPLE,0152_mask.png,train,2,0.7984207389749701,0.33130258321762085,0.6461538672447205,cFOS_in_HC
STAPLE,0152_mask.png,train,3,0.8273676072671048,0.3417854607105255,0.6833333373069763,cFOS_in_HC
STAPLE,0152_mask.png,train,4,0.8077660298027577,0.41252684593200684,0.7142857313156128,cFOS_in_HC
STAPLE,0152_mask.png,train,5,0.8172901779459156,0.40103060007095337,0.6842105388641357,cFOS_in_HC
STAPLE_revised,2354_mask.png,test,1,0.8485172561585403,0.5421292185783386,0.7961165308952332,mScarlet_in_PAG
STAPLE_revised,2354_mask.png,test,2,0.8156483505036058,0.46476179361343384,0.7545454502105713,mScarlet_in_PAG
STAPLE_revised,2354_mask.png,test,3,0.8662645984863481,0.6221598982810974,0.801886796951294,mScarlet_in_PAG
STAPLE_revised,2354_mask.png,test,4,0.8295415152301363,0.5031538009643555,0.8425925970077515,mScarlet_in_PAG
STAPLE_revised,2354_mask.png,test,5,0.8523163330011776,0.5643892884254456,0.7815126180648804,mScarlet_in_PAG
STAPLE_revised,2355_mask.png,test,1,0.8282930412426814,0.5222039818763733,0.7398374080657959,mScarlet_in_PAG
STAPLE_revised,2355_mask.png,test,2,0.8268235064254568,0.46487492322921753,0.7559055089950562,mScarlet_in_PAG
STAPLE_revised,2355_mask.png,test,3,0.729514093745877,0.459306538105011,0.5932203531265259,mScarlet_in_PAG
STAPLE_revised,2355_mask.png,test,4,0.84207108746928,0.5051761865615845,0.8399999737739563,mScarlet_in_PAG
STAPLE_revised,2355_mask.png,test,5,0.7868878080019517,0.4946248531341553,0.7615384459495544,mScarlet_in_PAG
STAPLE_revised,2359_mask.png,test,1,0.7817167612641591,0.37137120962142944,0.6506849527359009,mScarlet_in_PAG
STAPLE_revised,2359_mask.png,test,2,0.7605948807092893,0.4008099138736725,0.7152317762374878,mScarlet_in_PAG
STAPLE_revised,2359_mask.png,test,3,0.677496287629933,0.359109491109848,0.5078125,mScarlet_in_PAG
STAPLE_revised,2359_mask.png,test,4,0.7579585910618748,0.40122443437576294,0.6928571462631226,mScarlet_in_PAG
STAPLE_revised,2359_mask.png,test,5,0.7129370455965642,0.3417434096336365,0.5441176295280457,mScarlet_in_PAG
STAPLE_revised,2363_mask.png,test,2,0.8798139990538913,0.5955353379249573,0.7950310707092285,mScarlet_in_PAG
STAPLE_revised,2363_mask.png,test,3,0.6009597040987176,0.33013221621513367,0.41999998688697815,mScarlet_in_PAG
STAPLE_revised,2363_mask.png,test,4,0.8073316745524737,0.48320937156677246,0.7020202279090881,mScarlet_in_PAG
STAPLE_revised,2363_mask.png,test,5,0.8581516854021022,0.5034914612770081,0.7607361674308777,mScarlet_in_PAG
STAPLE_revised,2364_mask.png,test,2,0.8941976620616365,0.6297957301139832,0.9037036895751953,mScarlet_in_PAG
STAPLE_revised,2364_mask.png,test,3,0.6806793559934864,0.39892756938934326,0.4803149700164795,mScarlet_in_PAG
STAPLE_revised,2364_mask.png,test,4,0.8008963050346789,0.48488909006118774,0.7218934893608093,mScarlet_in_PAG
STAPLE_revised,2364_mask.png,test,5,0.815645436321745,0.4714065492153168,0.6641790866851807,mScarlet_in_PAG
STAPLE_revised,2365_mask.png,test,2,0.8578802623228263,0.5362949967384338,0.7846153974533081,mScarlet_in_PAG
STAPLE_revised,2365_mask.png,test,3,0.7430140143363102,0.47060704231262207,0.5677965879440308,mScarlet_in_PAG
STAPLE_revised,2365_mask.png,test,4,0.7844841654064992,0.45653337240219116,0.692307710647583,mScarlet_in_PAG
STAPLE_revised,2365_mask.png,test,5,0.8016264424923342,0.45714321732521057,0.6428571343421936,mScarlet_in_PAG
STAPLE_revised,2366_mask.png,test,2,0.8408997205552248,0.520592212677002,0.7799999713897705,mScarlet_in_PAG
STAPLE_revised,2366_mask.png,test,3,0.7269374853664248,0.4348253607749939,0.5581395626068115,mScarlet_in_PAG
STAPLE_revised,2366_mask.png,test,4,0.7322786502225994,0.42721328139305115,0.5895522236824036,mScarlet_in_PAG
STAPLE_revised,2366_mask.png,test,5,0.7916588539447144,0.48591431975364685,0.6777777671813965,mScarlet_in_PAG
STAPLE_revised,2368_mask.png,test,2,0.8580327086006355,0.5577811002731323,0.7545454502105713,mScarlet_in_PAG
STAPLE_revised,2368_mask.png,test,3,0.8034987318722767,0.5330298542976379,0.6236559152603149,mScarlet_in_PAG
STAPLE_revised,2368_mask.png,test,4,0.8179855782187003,0.4843691289424896,0.767241358757019,mScarlet_in_PAG
STAPLE_revised,2368_mask.png,test,5,0.8505681548043551,0.5361596941947937,0.7216494679450989,mScarlet_in_PAG
STAPLE,2352_mask.png,train,1,0.8809758393392345,0.5475233793258667,0.7727272510528564,mScarlet_in_PAG
STAPLE,2352_mask.png,train,2,0.8520395653310269,0.5201975107192993,0.8139534592628479,mScarlet_in_PAG
STAPLE,2352_mask.png,train,3,0.8321414986686952,0.5895772576332092,0.7317073345184326,mScarlet_in_PAG
STAPLE,2352_mask.png,train,4,0.733011968492362,0.37798482179641724,0.6666666865348816,mScarlet_in_PAG
STAPLE,2352_mask.png,train,5,0.8506728034742547,0.5202411413192749,0.7373737096786499,mScarlet_in_PAG
STAPLE,2353_mask.png,train,1,0.800759000354291,0.5166431069374084,0.734375,mScarlet_in_PAG
STAPLE,2353_mask.png,train,2,0.7911275886890771,0.4808124899864197,0.7123287916183472,mScarlet_in_PAG
STAPLE,2353_mask.png,train,3,0.8516131226721544,0.5938640832901001,0.7213114500045776,mScarlet_in_PAG
STAPLE,2353_mask.png,train,4,0.7738851963296747,0.3831959068775177,0.774193525314331,mScarlet_in_PAG
STAPLE,2353_mask.png,train,5,0.8492996632195261,0.5285295844078064,0.8153846263885498,mScarlet_in_PAG
STAPLE,2356_mask.png,train,1,0.8241825365799174,0.48240789771080017,0.7244094610214233,mScarlet_in_PAG
STAPLE,2356_mask.png,train,2,0.8157266735345009,0.4539978504180908,0.7142857313156128,mScarlet_in_PAG
STAPLE,2356_mask.png,train,3,0.6916587957086067,0.39125198125839233,0.4958677589893341,mScarlet_in_PAG
STAPLE,2356_mask.png,train,4,0.8372116883373124,0.446556955575943,0.787401556968689,mScarlet_in_PAG
STAPLE,2356_mask.png,train,5,0.7664232716531877,0.4030524790287018,0.548872172832489,mScarlet_in_PAG
STAPLE,2357_mask.png,train,1,0.7837031969901214,0.4345983564853668,0.6538461446762085,mScarlet_in_PAG
STAPLE,2357_mask.png,train,2,0.7780934266551822,0.4148656725883484,0.6504854559898376,mScarlet_in_PAG
STAPLE,2357_mask.png,train,3,0.635264789233987,0.37210407853126526,0.4404761791229248,mScarlet_in_PAG
STAPLE,2357_mask.png,train,4,0.7618998700478203,0.3609287142753601,0.6666666865348816,mScarlet_in_PAG
STAPLE,2357_mask.png,train,5,0.6496788008565311,0.3528635501861572,0.4767441749572754,mScarlet_in_PAG
STAPLE,2358_mask.png,train,1,0.819711366356077,0.4154261648654938,0.6990291476249695,mScarlet_in_PAG
STAPLE,2358_mask.png,train,2,0.7781895366088736,0.35620859265327454,0.6525423526763916,mScarlet_in_PAG
STAPLE,2358_mask.png,train,3,0.7881539243440194,0.4292014241218567,0.5656565427780151,mScarlet_in_PAG
STAPLE,2358_mask.png,train,4,0.8211118264594202,0.4396544396877289,0.7090908885002136,mScarlet_in_PAG
STAPLE,2358_mask.png,train,5,0.8090403574265654,0.46552783250808716,0.65625,mScarlet_in_PAG
STAPLE,2360_mask.png,train,1,0.7580573380449377,0.3398952782154083,0.5819672346115112,mScarlet_in_PAG
STAPLE,2360_mask.png,train,2,0.6967066176723102,0.3755251467227936,0.5827814340591431,mScarlet_in_PAG
STAPLE,2360_mask.png,train,3,0.5974680856710635,0.2758161127567291,0.4144144058227539,mScarlet_in_PAG
STAPLE,2360_mask.png,train,4,0.8023436840270486,0.39408472180366516,0.7310924530029297,mScarlet_in_PAG
STAPLE,2360_mask.png,train,5,0.8184368151342261,0.44507378339767456,0.6696428656578064,mScarlet_in_PAG
STAPLE,2361_mask.png,train,1,0.8062410341161991,0.37699171900749207,0.6229507923126221,mScarlet_in_PAG
STAPLE,2361_mask.png,train,2,0.7906146889304395,0.35672298073768616,0.5882353186607361,mScarlet_in_PAG
STAPLE,2361_mask.png,train,3,0.7033568506919381,0.3378438651561737,0.4702380895614624,mScarlet_in_PAG
STAPLE,2361_mask.png,train,4,0.7847696669699825,0.3052076995372772,0.5668202638626099,mScarlet_in_PAG
STAPLE,2361_mask.png,train,5,0.8068406400748028,0.353055864572525,0.5762711763381958,mScarlet_in_PAG
STAPLE,2362_mask.png,train,2,0.8862502816728974,0.5528736710548401,0.7925925850868225,mScarlet_in_PAG
STAPLE,2362_mask.png,train,3,0.7699322351108795,0.40187835693359375,0.5230769515037537,mScarlet_in_PAG
STAPLE,2362_mask.png,train,4,0.8284933926352187,0.42241382598876953,0.6708860993385315,mScarlet_in_PAG
STAPLE,2362_mask.png,train,5,0.8270544747857647,0.47029003500938416,0.6428571343421936,mScarlet_in_PAG
STAPLE,2367_mask.png,train,2,0.7628867518814957,0.42595887184143066,0.6153846383094788,mScarlet_in_PAG
STAPLE,2367_mask.png,train,3,0.7989816348221569,0.4885959029197693,0.609375,mScarlet_in_PAG
STAPLE,2367_mask.png,train,4,0.7864005394260414,0.42605695128440857,0.6835442781448364,mScarlet_in_PAG
STAPLE,2367_mask.png,train,5,0.8428790398321658,0.4997236728668213,0.7014925479888916,mScarlet_in_PAG
STAPLE,2369_mask.png,train,2,0.8765747376167364,0.5443459749221802,0.7850467562675476,mScarlet_in_PAG
STAPLE,2369_mask.png,train,3,0.8505613723986093,0.5431444048881531,0.7021276354789734,mScarlet_in_PAG
STAPLE,2369_mask.png,train,4,0.8645560773856235,0.505835771560669,0.7980769276618958,mScarlet_in_PAG
STAPLE,2369_mask.png,train,5,0.816538177652458,0.4833652973175049,0.6470588445663452,mScarlet_in_PAG
STAPLE,2370_mask.png,train,2,0.89424056561844,0.6083766222000122,0.8367347121238708,mScarlet_in_PAG
STAPLE,2370_mask.png,train,3,0.8374968694424699,0.5252107381820679,0.6344085931777954,mScarlet_in_PAG
STAPLE,2370_mask.png,train,4,0.823272002951702,0.3710614740848541,0.682692289352417,mScarlet_in_PAG
STAPLE,2370_mask.png,train,5,0.8773654908268498,0.5303696393966675,0.737864077091217,mScarlet_in_PAG
STAPLE,2371_mask.png,train,2,0.8635960629227385,0.5302056074142456,0.7551020383834839,mScarlet_in_PAG
STAPLE,2371_mask.png,train,3,0.8111758863048663,0.4852367043495178,0.5939849615097046,mScarlet_in_PAG
STAPLE,2371_mask.png,train,4,0.8272298282059526,0.47178396582603455,0.7229729890823364,mScarlet_in_PAG
STAPLE,2371_mask.png,train,5,0.8438766122824475,0.523715615272522,0.6971830725669861,mScarlet_in_PAG
STAPLE_revised,2332_mask.png,test,1,0.9060235713666368,0.6257048845291138,0.8695651888847351,YFP_in_CTX
STAPLE_revised,2332_mask.png,test,2,0.8998454053562498,0.6380009651184082,0.8842105269432068,YFP_in_CTX
STAPLE_revised,2332_mask.png,test,3,0.8475034469174709,0.5480502843856812,0.7078651785850525,YFP_in_CTX
STAPLE_revised,2332_mask.png,test,4,0.7257092539316947,0.21758249402046204,0.5899999737739563,YFP_in_CTX
STAPLE_revised,2332_mask.png,test,5,0.8337626058765489,0.4308716654777527,0.8247422575950623,YFP_in_CTX
STAPLE_revised,2334_mask.png,test,1,0.8965513859431892,0.5709212422370911,0.8333333134651184,YFP_in_CTX
STAPLE_revised,2334_mask.png,test,2,0.8864706519986146,0.5115638971328735,0.800000011920929,YFP_in_CTX
STAPLE_revised,2334_mask.png,test,3,0.8411599191011484,0.5166479349136353,0.6219512224197388,YFP_in_CTX
STAPLE_revised,2334_mask.png,test,4,0.7681814798273039,0.23243169486522675,0.6483516693115234,YFP_in_CTX
STAPLE_revised,2334_mask.png,test,5,0.849466787925831,0.4110206067562103,0.8160919547080994,YFP_in_CTX
STAPLE_revised,2340_mask.png,test,1,0.8932160395812258,0.48986878991127014,0.8163265585899353,YFP_in_CTX
STAPLE_revised,2340_mask.png,test,2,0.8970990910386936,0.5469377636909485,0.84375,YFP_in_CTX
STAPLE_revised,2340_mask.png,test,3,0.8799524603753233,0.5782663822174072,0.6565656661987305,YFP_in_CTX
STAPLE_revised,2340_mask.png,test,4,0.7423240209938351,0.22935453057289124,0.6299999952316284,YFP_in_CTX
STAPLE_revised,2340_mask.png,test,5,0.8930975227283193,0.5296048521995544,0.8269230723381042,YFP_in_CTX
STAPLE_revised,2341_mask.png,test,1,0.856016333300854,0.49470120668411255,0.9035087823867798,YFP_in_CTX
STAPLE_revised,2341_mask.png,test,2,0.8812010102541845,0.5700523853302002,0.8999999761581421,YFP_in_CTX
STAPLE_revised,2341_mask.png,test,3,0.6566165983527568,0.3646935820579529,0.4220183491706848,YFP_in_CTX
STAPLE_revised,2341_mask.png,test,4,0.6833596811219973,0.2020624428987503,0.6581196784973145,YFP_in_CTX
STAPLE_revised,2341_mask.png,test,5,0.8893880476835759,0.6060938835144043,0.8907563090324402,YFP_in_CTX
STAPLE_revised,2342_mask.png,test,2,0.8323554065381391,0.48200520873069763,0.6363636255264282,YFP_in_CTX
STAPLE_revised,2342_mask.png,test,3,0.8743738960001936,0.5285735130310059,0.7631579041481018,YFP_in_CTX
STAPLE_revised,2342_mask.png,test,4,0.8749974658908914,0.5137943029403687,0.8888888955116272,YFP_in_CTX
STAPLE_revised,2343_mask.png,test,2,0.8417641983904839,0.4662202000617981,0.7113401889801025,YFP_in_CTX
STAPLE_revised,2343_mask.png,test,3,0.815584350010414,0.44011545181274414,0.6666666865348816,YFP_in_CTX
STAPLE_revised,2343_mask.png,test,4,0.9299715810403523,0.7077823877334595,0.9605262875556946,YFP_in_CTX
STAPLE_revised,2347_mask.png,test,2,0.8906691424198795,0.5868133306503296,0.762499988079071,YFP_in_CTX
STAPLE_revised,2347_mask.png,test,3,0.8791531310377939,0.5608278512954712,0.8030303120613098,YFP_in_CTX
STAPLE_revised,2347_mask.png,test,4,0.8643373774038675,0.48278579115867615,0.8999999761581421,YFP_in_CTX
STAPLE_revised,2349_mask.png,test,2,0.772972514900709,0.37752532958984375,0.6616541147232056,YFP_in_CTX
STAPLE_revised,2349_mask.png,test,3,0.8344297205439302,0.4995559751987457,0.6041666865348816,YFP_in_CTX
STAPLE_revised,2349_mask.png,test,4,0.9066877746187646,0.6165823340415955,0.9494949579238892,YFP_in_CTX
STAPLE,2333_mask.png,train,1,0.8856886869627081,0.5004475712776184,0.8345323801040649,YFP_in_CTX
STAPLE,2333_mask.png,train,2,0.8681276948416403,0.5015519857406616,0.7402597665786743,YFP_in_CTX
STAPLE,2333_mask.png,train,3,0.786604533918228,0.4361026883125305,0.5073529481887817,YFP_in_CTX
STAPLE,2333_mask.png,train,4,0.6626537100690258,0.1176513209939003,0.40506330132484436,YFP_in_CTX
STAPLE,2333_mask.png,train,5,0.869561374947672,0.4543604850769043,0.8082191944122314,YFP_in_CTX
STAPLE,2335_mask.png,train,1,0.9059484756403663,0.5436044931411743,0.8086956739425659,YFP_in_CTX
STAPLE,2335_mask.png,train,2,0.8833194703901169,0.4902467727661133,0.7652173638343811,YFP_in_CTX
STAPLE,2335_mask.png,train,3,0.8519556622586183,0.5133476853370667,0.6238532066345215,YFP_in_CTX
STAPLE,2335_mask.png,train,4,0.6638116481354991,0.10277555137872696,0.36764705181121826,YFP_in_CTX
STAPLE,2335_mask.png,train,5,0.8225336864127811,0.33053314685821533,0.6796875,YFP_in_CTX
STAPLE,2336_mask.png,train,1,0.8606833297182792,0.41147518157958984,0.7682926654815674,YFP_in_CTX
STAPLE,2336_mask.png,train,2,0.8830868339493281,0.4525875449180603,0.75,YFP_in_CTX
STAPLE,2336_mask.png,train,3,0.8480290553868312,0.462026447057724,0.6000000238418579,YFP_in_CTX
STAPLE,2336_mask.png,train,4,0.7117133270151892,0.18332409858703613,0.47252747416496277,YFP_in_CTX
STAPLE,2336_mask.png,train,5,0.8429812325640376,0.4080204367637634,0.7441860437393188,YFP_in_CTX
STAPLE,2337_mask.png,train,1,0.8236951002070712,0.3712491989135742,0.6373626589775085,YFP_in_CTX
STAPLE,2337_mask.png,train,2,0.8625525849662349,0.4791601300239563,0.75,YFP_in_CTX
STAPLE,2337_mask.png,train,3,0.7566233169285879,0.3610239624977112,0.4523809552192688,YFP_in_CTX
STAPLE,2337_mask.png,train,4,0.6620329537725707,0.14123597741127014,0.40776699781417847,YFP_in_CTX
STAPLE,2337_mask.png,train,5,0.8040257017830882,0.36394020915031433,0.7346938848495483,YFP_in_CTX
STAPLE,2338_mask.png,train,1,0.8337678916128098,0.4127369821071625,0.7586206793785095,YFP_in_CTX
STAPLE,2338_mask.png,train,2,0.8870396359747011,0.5460585355758667,0.7682926654815674,YFP_in_CTX
STAPLE,2338_mask.png,train,3,0.8274421852757111,0.47064346075057983,0.5454545617103577,YFP_in_CTX
STAPLE,2338_mask.png,train,4,0.5723627287853578,0.10324057191610336,0.3255814015865326,YFP_in_CTX
STAPLE,2338_mask.png,train,5,0.8787743170283472,0.505914568901062,0.8023256063461304,YFP_in_CTX
STAPLE,2339_mask.png,train,1,0.8616681850929926,0.5168501138687134,0.8999999761581421,YFP_in_CTX
STAPLE,2339_mask.png,train,2,0.9117780553910529,0.6218566298484802,0.9200000166893005,YFP_in_CTX
STAPLE,2339_mask.png,train,3,0.777949654064432,0.4925248622894287,0.59375,YFP_in_CTX
STAPLE,2339_mask.png,train,4,0.726010808752763,0.19208551943302155,0.5963302850723267,YFP_in_CTX
STAPLE,2339_mask.png,train,5,0.8899901240759193,0.5139316916465759,0.778761088848114,YFP_in_CTX
STAPLE,2344_mask.png,train,2,0.7690076900769007,0.3706170618534088,0.5857142806053162,YFP_in_CTX
STAPLE,2344_mask.png,train,3,0.8114986422828149,0.42391595244407654,0.5957446694374084,YFP_in_CTX
STAPLE,2344_mask.png,train,4,0.8184968530174009,0.4434303641319275,0.843137264251709,YFP_in_CTX
STAPLE,2345_mask.png,train,2,0.8028562029529579,0.3882996439933777,0.5648148059844971,YFP_in_CTX
STAPLE,2345_mask.png,train,3,0.8440245412910101,0.4752180576324463,0.6315789222717285,YFP_in_CTX
STAPLE,2345_mask.png,train,4,0.904517771388293,0.5948061943054199,0.8987341523170471,YFP_in_CTX
STAPLE,2346_mask.png,train,2,0.8117744317338741,0.377822607755661,0.5,YFP_in_CTX
STAPLE,2346_mask.png,train,3,0.8876678825544532,0.45563387870788574,0.6481481194496155,YFP_in_CTX
STAPLE,2346_mask.png,train,4,0.8725759643289578,0.5021466016769409,0.8545454740524292,YFP_in_CTX
STAPLE,2348_mask.png,train,2,0.8028632086492197,0.4028640389442444,0.6024096608161926,YFP_in_CTX
STAPLE,2348_mask.png,train,3,0.8322978662266476,0.494640588760376,0.6499999761581421,YFP_in_CTX
STAPLE,2348_mask.png,train,4,0.8805046593919632,0.5273778438568115,0.9032257795333862,YFP_in_CTX
STAPLE,2350_mask.png,train,2,0.7933140617635134,0.46962970495224,0.6352941393852234,YFP_in_CTX
STAPLE,2350_mask.png,train,3,0.8660773526199748,0.553644061088562,0.7241379022598267,YFP_in_CTX
STAPLE,2350_mask.png,train,4,0.898032106813547,0.5819481015205383,0.9333333373069763,YFP_in_CTX
STAPLE,2351_mask.png,train,2,0.809800225088491,0.40064677596092224,0.6315789222717285,YFP_in_CTX
STAPLE,2351_mask.png,train,3,0.8641553575818196,0.47736015915870667,0.7037037014961243,YFP_in_CTX
STAPLE,2351_mask.png,train,4,0.8790084353173794,0.5383626818656921,0.8928571343421936,YFP_in_CTX
